,Percentile,Clusters,Type,MCP_PercExtr,MCP,MCP_UpperLim,TotalPercSign,MeanCondProbSign,PercentSign,Area,Variables
0,P95,Clusters_4,EuroAtlantic_SLP,36.048064085447265,6.576879910213243,6.137094778520169,36.58210947930574,6.558798035249929,70.11477230655314,EuroAtlantic,SLP
1,P97,Clusters_4,EuroAtlantic_SLP,37.111111111111114,4.085297418630752,3.8113287007791112,37.55555555555555,4.085297418630752,66.10144390966309,EuroAtlantic,SLP
2,P99,Clusters_4,EuroAtlantic_SLP,40.666666666666664,1.5179113539769278,1.4108233312276268,41.333333333333336,1.514346439957492,47.18252499074417,EuroAtlantic,SLP
0,P95,Clusters_7,EuroAtlantic_SLP,19.225634178905207,7.674552798615118,6.952430737062206,24.432576769025367,7.451212300413957,82.11032950758978,EuroAtlantic,SLP
1,P97,Clusters_7,EuroAtlantic_SLP,20.666666666666668,4.789382573571841,4.338734971249346,24.88888888888889,4.671791839148433,76.34950018511663,EuroAtlantic,SLP
2,P99,Clusters_7,EuroAtlantic_SLP,24.0,1.8047882136279927,1.6421484775915156,27.333333333333332,1.7751122510926978,58.600518326545725,EuroAtlantic,SLP
0,P95,Clusters_8,EuroAtlantic_SLP,16.822429906542055,7.883082373782107,7.098765432098765,28.571428571428573,7.550069818690386,89.85560903369122,EuroAtlantic,SLP
1,P97,Clusters_8,EuroAtlantic_SLP,17.555555555555554,4.911323328785812,4.430379746835443,24.444444444444443,4.743234299819343,85.19067012217697,EuroAtlantic,SLP
2,P99,Clusters_8,EuroAtlantic_SLP,21.333333333333336,1.886035313001605,1.7114914425427872,24.666666666666668,1.84266832037348,65.15364679748241,EuroAtlantic,SLP
0,P95,Clusters_9,EuroAtlantic_SLP,16.288384512683578,8.083560399636694,7.261146496815287,29.372496662216285,7.693711997555124,89.23361717882266,EuroAtlantic,SLP
1,P97,Clusters_9,EuroAtlantic_SLP,17.333333333333336,5.042613636363636,4.5477772100153295,27.77777777777778,4.851567716779548,84.65012958163643,EuroAtlantic,SLP
2,P99,Clusters_9,EuroAtlantic_SLP,20.0,1.9176136363636365,1.7373530914665303,22.0,1.8878407302298958,67.782302850796,EuroAtlantic,SLP
0,P95,Clusters_10,EuroAtlantic_SLP,15.620827770360481,8.126934984520123,7.332402234636872,30.440587449933243,7.749591587038413,91.78822658274713,EuroAtlantic,SLP
1,P97,Clusters_10,EuroAtlantic_SLP,16.666666666666664,5.108359133126935,4.608938547486034,29.77777777777778,4.892205638474295,88.20436875231395,EuroAtlantic,SLP
2,P99,Clusters_10,EuroAtlantic_SLP,19.333333333333332,1.9886363636363635,1.7897091722595078,22.0,1.9438444924406046,68.50055534987042,EuroAtlantic,SLP
0,P95,Clusters_11,EuroAtlantic_SLP,13.75166889185581,8.448753462603879,7.529843893480257,27.102803738317757,7.9475982532751095,90.27767493520919,EuroAtlantic,SLP
1,P97,Clusters_11,EuroAtlantic_SLP,14.444444444444443,5.3164556962025316,4.743390357698289,26.888888888888893,5.0387857591247425,86.59755646057016,EuroAtlantic,SLP
2,P99,Clusters_11,EuroAtlantic_SLP,17.333333333333336,2.0253164556962027,1.8292682926829267,20.666666666666668,1.958762886597938,69.61865975564606,EuroAtlantic,SLP
0,P95,Clusters_12,EuroAtlantic_SLP,13.484646194926569,8.717105263157894,7.755102040816326,28.170894526034715,8.118774835437563,92.11403184005924,EuroAtlantic,SLP
1,P97,Clusters_12,EuroAtlantic_SLP,14.222222222222221,5.472103004291846,4.8979591836734695,27.333333333333332,5.163276041865435,89.43354313217327,EuroAtlantic,SLP
2,P99,Clusters_12,EuroAtlantic_SLP,16.666666666666664,2.1505376344086025,1.9065776930409915,20.666666666666668,2.0815264527320037,71.28470936690114,EuroAtlantic,SLP
0,P95,Clusters_4,EuroAtlantic_T850,32.843791722296395,6.531454107940873,6.116774791473587,33.37783711615487,6.500805359778699,59.8074787115883,EuroAtlantic,T850
1,P97,Clusters_4,EuroAtlantic_T850,34.22222222222222,4.090752836026126,3.822984244670992,34.66666666666667,4.074074074074074,52.454646427249166,EuroAtlantic,T850
2,P99,Clusters_4,EuroAtlantic_T850,38.0,1.5061728395061729,1.4133456904541242,38.0,1.5061728395061729,38.5190670122177,EuroAtlantic,T850
0,P95,Clusters_7,EuroAtlantic_T850,20.827770360480642,8.021978021978022,7.3477604428787116,39.786381842456606,7.482960111368248,89.74453905960755,EuroAtlantic,T850
1,P97,Clusters_7,EuroAtlantic_T850,21.555555555555557,4.9712192569335425,4.562594268476621,36.44444444444444,4.712290591253128,86.9381710477601,EuroAtlantic,T850
2,P99,Clusters_7,EuroAtlantic_T850,24.666666666666668,1.8131868131868134,1.660795168595873,28.666666666666668,1.7828200972447326,72.469455757127,EuroAtlantic,T850
0,P95,Clusters_8,EuroAtlantic_T850,17.75700934579439,8.00252047889099,7.282110091743118,36.18157543391188,7.5645852661082635,90.0333209922251,EuroAtlantic,T850
1,P97,Clusters_8,EuroAtlantic_T850,18.88888888888889,4.979496192149971,4.553415061295972,34.22222222222222,4.779091630210504,87.30840429470567,EuroAtlantic,T850
2,P99,Clusters_8,EuroAtlantic_T850,21.333333333333336,1.855072463768116,1.694017998941239,26.0,1.8197958277851751,73.02480562754535,EuroAtlantic,T850
0,P95,Clusters_9,EuroAtlantic_T850,16.555407209612817,8.261159227181878,7.503234152652006,35.24699599465954,7.752390233107172,93.43206219918548,EuroAtlantic,T850
1,P97,Clusters_9,EuroAtlantic_T850,17.555555555555554,5.192178017532029,4.712362301101591,32.22222222222222,4.902530564771769,91.9585338763421,EuroAtlantic,T850
2,P99,Clusters_9,EuroAtlantic_T850,20.0,1.9320453031312457,1.7615176151761516,24.666666666666668,1.8820293738664502,78.08219178082192,EuroAtlantic,T850
0,P95,Clusters_10,EuroAtlantic_T850,14.819759679572764,8.26271186440678,7.494145199063232,32.97730307076101,7.7744335434348555,93.51351351351352,EuroAtlantic,T850
1,P97,Clusters_10,EuroAtlantic_T850,15.777777777777777,5.168849069607168,4.682779456193353,29.777777777777775,4.932831736457228,93.03961495742318,EuroAtlantic,T850
2,P99,Clusters_10,EuroAtlantic_T850,18.666666666666668,1.9896193771626298,1.7980636237897647,23.333333333333332,1.929737753587333,77.82302850796002,EuroAtlantic,T850
0,P95,Clusters_11,EuroAtlantic_T850,14.152202937249667,8.477119279819954,7.651715039577836,33.77837116154873,7.879013448181446,93.78008145131432,EuroAtlantic,T850
1,P97,Clusters_11,EuroAtlantic_T850,15.11111111111111,5.28169014084507,4.794859120118636,29.555555555555554,5.013212889688587,92.63976305072195,EuroAtlantic,T850
2,P99,Clusters_11,EuroAtlantic_T850,18.0,2.027027027027027,1.8469656992084433,24.0,1.9871106337271751,79.45205479452055,EuroAtlantic,T850
0,P95,Clusters_12,EuroAtlantic_T850,13.351134846461948,8.81057268722467,7.9178885630498534,30.307076101468624,8.188161919788799,93.75786745649759,EuroAtlantic,T850
1,P97,Clusters_12,EuroAtlantic_T850,14.222222222222221,5.489964580873672,4.964953271028037,27.555555555555557,5.186168086232433,93.33580155497964,EuroAtlantic,T850
2,P99,Clusters_12,EuroAtlantic_T850,16.666666666666664,2.1145374449339207,1.9047619047619049,22.0,2.058424412253156,80.11847463902258,EuroAtlantic,T850
0,P95,Clusters_4,EuroAtlantic_Z500,34.57943925233645,6.675062972292191,6.182669789227167,35.313751668891854,6.64477008590197,67.56016290262865,EuroAtlantic,Z500
1,P97,Clusters_4,EuroAtlantic_Z500,36.22222222222222,4.153846153846154,3.8367346938775513,37.111111111111114,4.143506821627085,62.83598667160311,EuroAtlantic,Z500
2,P99,Clusters_4,EuroAtlantic_Z500,40.666666666666664,1.5428211586901763,1.4285714285714286,40.666666666666664,1.5428211586901763,46.345797852647166,EuroAtlantic,Z500
0,P95,Clusters_7,EuroAtlantic_Z500,20.160213618157545,7.610827775598274,6.905116741182315,25.634178905206944,7.423687390224669,92.83968900407257,EuroAtlantic,Z500
1,P97,Clusters_7,EuroAtlantic_Z500,21.777777777777775,4.7861906630051,4.321907600596125,25.11111111111111,4.678040726472207,87.51573491299519,EuroAtlantic,Z500
2,P99,Clusters_7,EuroAtlantic_Z500,25.333333333333336,1.8161805173362684,1.639344262295082,27.333333333333332,1.782985226693836,66.24953720844132,EuroAtlantic,Z500
0,P95,Clusters_8,EuroAtlantic_Z500,18.424566088117487,7.669616519174041,6.911984087518648,23.364485981308412,7.5,87.79711218067382,EuroAtlantic,Z500
1,P97,Clusters_8,EuroAtlantic_Z500,19.77777777777778,4.848484848484849,4.375932371954252,23.77777777777778,4.746145090451806,80.26656793780082,EuroAtlantic,Z500
2,P99,Clusters_8,EuroAtlantic_Z500,23.333333333333332,1.8803418803418803,1.7000377786173027,26.0,1.8457752255947497,60.59237319511293,EuroAtlantic,Z500
0,P95,Clusters_9,EuroAtlantic_Z500,16.421895861148197,8.112094395280236,7.278688524590164,23.63150867823765,7.866505259642678,90.6775268419104,EuroAtlantic,Z500
1,P97,Clusters_9,EuroAtlantic_Z500,17.77777777777778,5.162241887905605,4.634581105169341,23.11111111111111,5.014749262536873,83.1543872639763,EuroAtlantic,Z500
2,P99,Clusters_9,EuroAtlantic_Z500,21.333333333333336,1.9801611741327816,1.7704918032786885,24.666666666666668,1.9328225229651552,66.44946316179194,EuroAtlantic,Z500
0,P95,Clusters_10,EuroAtlantic_Z500,14.419225634178906,8.390541571319602,7.481125600549074,26.56875834445928,7.991366687806689,90.96630877452795,EuroAtlantic,Z500
1,P97,Clusters_10,EuroAtlantic_Z500,15.555555555555555,5.323193916349809,4.742268041237113,26.444444444444446,5.0999037045665085,85.7830433172899,EuroAtlantic,Z500
2,P99,Clusters_10,EuroAtlantic_Z500,18.666666666666668,2.059496567505721,1.8531228551818806,21.333333333333336,2.0178552147770743,67.24916697519437,EuroAtlantic,Z500
0,P95,Clusters_11,EuroAtlantic_Z500,13.618157543391188,8.220502901353965,7.290470723306544,26.0347129506008,7.902009326961829,89.51499444650129,EuroAtlantic,Z500
1,P97,Clusters_11,EuroAtlantic_Z500,14.888888888888888,5.222437137330754,4.649827784156142,26.0,5.029013539651837,84.64272491669752,EuroAtlantic,Z500
2,P99,Clusters_11,EuroAtlantic_Z500,18.0,2.0309477756286265,1.812688821752266,20.666666666666668,2.0,68.40429470566457,EuroAtlantic,Z500
0,P95,Clusters_12,EuroAtlantic_Z500,12.817089452603472,9.066901408450704,8.011049723756907,26.43524699599466,8.354449712221806,93.83931877082561,EuroAtlantic,Z500
1,P97,Clusters_12,EuroAtlantic_Z500,13.555555555555557,5.684210526315789,5.04313205043132,25.333333333333336,5.327868852459016,90.83302480562755,EuroAtlantic,Z500
2,P99,Clusters_12,EuroAtlantic_Z500,16.666666666666664,2.2007042253521125,1.9337016574585635,20.666666666666668,2.118154045512248,73.46908552388004,EuroAtlantic,Z500
0,P95,Clusters_4,EuroAtlantic_SLP~T850,35.294117647058826,6.8220441854819125,6.342015855039637,36.048064085447265,6.773488710852149,81.96223620881156,EuroAtlantic,SLP~T850
1,P97,Clusters_4,EuroAtlantic_SLP~T850,36.22222222222222,4.224326292789512,3.9184597961494907,36.888888888888886,4.20004855547463,76.33469085523879,EuroAtlantic,SLP~T850
2,P99,Clusters_4,EuroAtlantic_SLP~T850,39.33333333333333,1.5451174289245984,1.4293006636038794,40.0,1.5439757375241245,55.327656423546834,EuroAtlantic,SLP~T850
0,P95,Clusters_7,EuroAtlantic_SLP~T850,20.961281708945258,7.62958648806057,6.939704209328783,31.108144192256344,7.348778453598406,92.9951869677897,EuroAtlantic,SLP~T850
1,P97,Clusters_7,EuroAtlantic_SLP~T850,22.0,4.743752647183397,4.341317365269461,26.88888888888889,4.617921935129192,88.870788596816,EuroAtlantic,SLP~T850
2,P99,Clusters_7,EuroAtlantic_SLP~T850,25.333333333333336,1.7789072426937738,1.6298633017875919,26.666666666666668,1.7592083562396923,68.98185857089967,EuroAtlantic,SLP~T850
0,P95,Clusters_8,EuroAtlantic_SLP~T850,19.225634178905207,7.991360691144708,7.222222222222221,34.31241655540721,7.548419410818493,92.69900037023324,EuroAtlantic,SLP~T850
1,P97,Clusters_8,EuroAtlantic_SLP~T850,20.0,4.98238550578762,4.523424878836833,29.555555555555557,4.775252625209932,87.23435764531655,EuroAtlantic,SLP~T850
2,P99,Clusters_8,EuroAtlantic_SLP~T850,23.333333333333332,1.887640449438202,1.712962962962963,25.333333333333336,1.8426966292134832,69.98148833765272,EuroAtlantic,SLP~T850
0,P95,Clusters_9,EuroAtlantic_SLP~T850,16.02136181575434,8.573540280857355,7.688053097345132,32.576769025367156,8.00518861600955,93.57275083302481,EuroAtlantic,SLP~T850
1,P97,Clusters_9,EuroAtlantic_SLP~T850,16.88888888888889,5.335844318895166,4.790419161676647,31.555555555555557,5.029487377565095,90.88485746019992,EuroAtlantic,SLP~T850
2,P99,Clusters_9,EuroAtlantic_SLP~T850,20.0,1.9955654101995564,1.7964071856287425,24.0,1.928666530379037,73.72084413180303,EuroAtlantic,SLP~T850
0,P95,Clusters_10,EuroAtlantic_SLP~T850,14.953271028037381,9.015639374425023,8.048780487804878,30.040053404539385,8.319202550254648,95.816364309515,EuroAtlantic,SLP~T850
1,P97,Clusters_10,EuroAtlantic_SLP~T850,15.555555555555555,5.611775528978841,5.024424284717377,29.333333333333336,5.243790248390065,92.94335431321733,EuroAtlantic,SLP~T850
2,P99,Clusters_10,EuroAtlantic_SLP~T850,18.0,2.094647013188518,1.8699186991869918,23.333333333333332,2.017067494181536,77.31951129211403,EuroAtlantic,SLP~T850
0,P95,Clusters_11,EuroAtlantic_SLP~T850,14.152202937249667,9.263050153531218,8.265424912689173,30.8411214953271,8.392853110351925,95.11292114031839,EuroAtlantic,SLP~T850
1,P97,Clusters_11,EuroAtlantic_SLP~T850,14.888888888888888,5.769230769230769,5.150214592274678,28.666666666666668,5.319838378857896,92.63976305072195,EuroAtlantic,SLP~T850
2,P99,Clusters_11,EuroAtlantic_SLP~T850,17.333333333333336,2.1513944223107573,1.9313304721030045,25.333333333333336,2.06286836935167,78.08959644576083,EuroAtlantic,SLP~T850
0,P95,Clusters_12,EuroAtlantic_SLP~T850,12.149532710280374,9.216101694915254,8.192090395480225,32.30974632843792,8.41197996918336,97.00851536467975,EuroAtlantic,SLP~T850
1,P97,Clusters_12,EuroAtlantic_SLP~T850,12.88888888888889,5.798629414865577,5.140562248995984,28.666666666666664,5.353028237081018,94.80932987782302,EuroAtlantic,SLP~T850
2,P99,Clusters_12,EuroAtlantic_SLP~T850,15.333333333333332,2.2245762711864407,1.977401129943503,26.666666666666668,2.11864406779661,80.17771195853388,EuroAtlantic,SLP~T850
0,P95,Clusters_4,EuroAtlantic_SLP~Z500,34.84646194926569,6.69106116048092,6.220095693779904,35.380507343124165,6.6649242028227915,75.07589781562383,EuroAtlantic,SLP~Z500
1,P97,Clusters_4,EuroAtlantic_SLP~Z500,36.0,4.158907510862818,3.873319662793347,36.22222222222222,4.155463211928623,69.35209181784523,EuroAtlantic,SLP~Z500
2,P99,Clusters_4,EuroAtlantic_SLP~Z500,39.33333333333333,1.5399657785382548,1.4269406392694064,40.0,1.5384615384615385,51.85486856719733,EuroAtlantic,SLP~Z500
0,P95,Clusters_7,EuroAtlantic_SLP~Z500,19.759679572763687,7.670043415340087,6.926994906621392,24.966622162883844,7.43713215623328,88.55979266938171,EuroAtlantic,SLP~Z500
1,P97,Clusters_7,EuroAtlantic_SLP~Z500,21.11111111111111,4.815409309791333,4.352030947775629,24.88888888888889,4.681051658890533,82.17697149203998,EuroAtlantic,SLP~Z500
2,P99,Clusters_7,EuroAtlantic_SLP~Z500,24.666666666666668,1.8272425249169437,1.6483516483516485,27.333333333333332,1.8072289156626504,62.11773417252869,EuroAtlantic,SLP~Z500
0,P95,Clusters_8,EuroAtlantic_SLP~Z500,18.29105473965287,7.773851590106007,7.028360049321824,28.704939919893192,7.568236013117903,89.03369122547204,EuroAtlantic,SLP~Z500
1,P97,Clusters_8,EuroAtlantic_SLP~Z500,19.555555555555557,4.8965169106511865,4.4229995979091274,24.22222222222222,4.769828064337216,83.8578304331729,EuroAtlantic,SLP~Z500
2,P99,Clusters_8,EuroAtlantic_SLP~Z500,23.333333333333332,1.837270341207349,1.6646115906288532,24.666666666666668,1.8172640080767288,64.3761569788967,EuroAtlantic,SLP~Z500
0,P95,Clusters_9,EuroAtlantic_SLP~Z500,15.7543391188251,8.045977011494253,7.219083490269932,29.372496662216292,7.792834147356567,91.17363939281748,EuroAtlantic,SLP~Z500
1,P97,Clusters_9,EuroAtlantic_SLP~Z500,17.333333333333336,5.045550105115628,4.4959128065395095,24.0,4.901104770549325,86.73084042947056,EuroAtlantic,SLP~Z500
2,P99,Clusters_9,EuroAtlantic_SLP~Z500,21.333333333333336,1.9287833827893175,1.7467248908296942,23.333333333333332,1.8950437317784257,66.4272491669752,EuroAtlantic,SLP~Z500
0,P95,Clusters_10,EuroAtlantic_SLP~Z500,15.353805073431243,8.502289077828646,7.610853739245532,30.440587449933247,7.9826015670639014,92.62495372084413,EuroAtlantic,SLP~Z500
1,P97,Clusters_10,EuroAtlantic_SLP~Z500,16.444444444444446,5.34045393858478,4.778887303851641,30.888888888888886,5.07343124165554,88.70788596815994,EuroAtlantic,SLP~Z500
2,P99,Clusters_10,EuroAtlantic_SLP~Z500,19.333333333333332,2.027468933943754,1.8205461638491547,24.0,1.962066710268149,74.46131062569418,EuroAtlantic,SLP~Z500
0,P95,Clusters_11,EuroAtlantic_SLP~Z500,14.018691588785046,8.609865470852018,7.661612130885874,28.838451268357808,8.06640566903334,92.0177711958534,EuroAtlantic,SLP~Z500
1,P97,Clusters_11,EuroAtlantic_SLP~Z500,15.11111111111111,5.415162454873646,4.8359240069084635,28.444444444444443,5.120281445917945,89.35949648278415,EuroAtlantic,SLP~Z500
2,P99,Clusters_11,EuroAtlantic_SLP~Z500,18.0,2.0758122743682312,1.8570624648283625,22.0,2.0236087689713322,72.38059977786006,EuroAtlantic,SLP~Z500
0,P95,Clusters_12,EuroAtlantic_SLP~Z500,13.084112149532709,8.818181818181818,7.828894269572236,27.503337783711615,8.19764177428411,94.04664938911515,EuroAtlantic,SLP~Z500
1,P97,Clusters_12,EuroAtlantic_SLP~Z500,14.000000000000002,5.571847507331378,4.924242424242424,26.66666666666667,5.240509938090583,90.90707145501666,EuroAtlantic,SLP~Z500
2,P99,Clusters_12,EuroAtlantic_SLP~Z500,16.666666666666664,2.1814006888633752,1.9230769230769231,21.333333333333336,2.090909090909091,73.054424287301,EuroAtlantic,SLP~Z500
0,P95,Clusters_4,EuroAtlantic_T850~Z500,33.37783711615487,6.629834254143646,6.140350877192982,33.77837116154873,6.607236497115888,66.17549055905221,EuroAtlantic,T850~Z500
1,P97,Clusters_4,EuroAtlantic_T850~Z500,34.66666666666667,4.1318248893261185,3.8311371400683263,34.88888888888889,4.116413214472995,60.718252499074424,EuroAtlantic,T850~Z500
2,P99,Clusters_4,EuroAtlantic_T850~Z500,38.666666666666664,1.5207131620346093,1.4132553606237817,38.666666666666664,1.5207131620346093,44.716771566086635,EuroAtlantic,T850~Z500
0,P95,Clusters_7,EuroAtlantic_T850~Z500,21.2283044058745,7.865786578657866,7.088607594936709,26.83578104138852,7.61478163493841,83.84302110329507,EuroAtlantic,T850~Z500
1,P97,Clusters_7,EuroAtlantic_T850~Z500,22.88888888888889,4.895489548954895,4.42294402211472,26.0,4.777902202314296,78.88930025916328,EuroAtlantic,T850~Z500
2,P99,Clusters_7,EuroAtlantic_T850~Z500,26.0,1.8290406868234417,1.65860400829302,27.333333333333332,1.8151815181518154,60.3184005923732,EuroAtlantic,T850~Z500
0,P95,Clusters_8,EuroAtlantic_T850~Z500,18.424566088117487,7.831060272767268,7.049891540130152,32.71028037383177,7.532965155141334,91.86227323213625,EuroAtlantic,T850~Z500
1,P97,Clusters_8,EuroAtlantic_T850~Z500,19.77777777777778,4.86646884272997,4.404040404040404,26.444444444444443,4.727011100441123,87.0048130322103,EuroAtlantic,T850~Z500
2,P99,Clusters_8,EuroAtlantic_T850~Z500,23.333333333333332,1.8397626112759646,1.6811279826464207,25.333333333333336,1.8302828618968388,67.10107367641615,EuroAtlantic,T850~Z500
0,P95,Clusters_9,EuroAtlantic_T850~Z500,16.555407209612817,8.184727937814358,7.336956521739131,30.974632843791724,7.834928229665072,89.1299518696779,EuroAtlantic,T850~Z500
1,P97,Clusters_9,EuroAtlantic_T850~Z500,17.555555555555554,5.120702267739576,4.5954692556634305,29.333333333333336,4.922967723121017,85.4572380599778,EuroAtlantic,T850~Z500
2,P99,Clusters_9,EuroAtlantic_T850~Z500,20.666666666666668,1.9138755980861244,1.7391304347826086,22.666666666666664,1.8902439024390243,67.48611625323953,EuroAtlantic,T850~Z500
0,P95,Clusters_10,EuroAtlantic_T850~Z500,14.152202937249667,8.571428571428571,7.637997432605904,29.906542056074763,8.039835175831595,92.10662717512032,EuroAtlantic,T850~Z500
1,P97,Clusters_10,EuroAtlantic_T850~Z500,15.555555555555555,5.377720870678617,4.807692307692308,28.666666666666664,5.104829030275393,87.18992965568309,EuroAtlantic,T850~Z500
2,P99,Clusters_10,EuroAtlantic_T850~Z500,18.666666666666668,2.0523708421797595,1.8356643356643356,23.333333333333332,1.9815994338287333,71.10699740836726,EuroAtlantic,T850~Z500
0,P95,Clusters_11,EuroAtlantic_T850~Z500,12.149532710280374,8.82016036655212,7.8152753108348145,29.906542056074766,8.19896026081593,93.72084413180303,EuroAtlantic,T850~Z500
1,P97,Clusters_11,EuroAtlantic_T850~Z500,13.333333333333334,5.498281786941581,4.893238434163702,27.111111111111107,5.207159742729174,89.28544983339503,EuroAtlantic,T850~Z500
2,P99,Clusters_11,EuroAtlantic_T850~Z500,17.333333333333336,2.089337175792507,1.8683274021352312,22.0,2.05761316872428,71.61791928915217,EuroAtlantic,T850~Z500
0,P95,Clusters_12,EuroAtlantic_T850~Z500,12.283044058744993,8.980891719745223,7.955596669750231,33.64485981308412,8.27242514074783,95.06849315068493,EuroAtlantic,T850~Z500
1,P97,Clusters_12,EuroAtlantic_T850~Z500,13.333333333333334,5.644171779141105,4.995374653098982,30.0,5.274122031775532,91.9585338763421,EuroAtlantic,T850~Z500
2,P99,Clusters_12,EuroAtlantic_T850~Z500,16.666666666666664,2.131018153117601,1.9163763066202089,25.333333333333336,2.0696886722608023,79.11884487226953,EuroAtlantic,T850~Z500
0,P95,Clusters_4,EuroAtlantic_SLP~T850~Z500,34.84646194926569,6.777866031241726,6.29285014691479,35.51401869158878,6.741016109045848,81.19955572010366,EuroAtlantic,SLP~T850~Z500
1,P97,Clusters_4,EuroAtlantic_SLP~T850~Z500,35.77777777777777,4.209690230341541,3.89760147601476,36.44444444444444,4.188351920693928,75.67567567567568,EuroAtlantic,SLP~T850~Z500
2,P99,Clusters_4,EuroAtlantic_SLP~T850~Z500,40.0,1.5613382899628252,1.4522218995062446,40.0,1.5613382899628252,52.52869307663828,EuroAtlantic,SLP~T850~Z500
0,P95,Clusters_7,EuroAtlantic_SLP~T850~Z500,20.694259012016023,7.784090909090908,7.073295745771399,27.770360480640853,7.556818181818182,90.78119215105517,EuroAtlantic,SLP~T850~Z500
1,P97,Clusters_7,EuroAtlantic_SLP~T850~Z500,22.666666666666664,4.880817253121453,4.420176807072282,26.666666666666668,4.76291771911796,86.41243983709738,EuroAtlantic,SLP~T850~Z500
2,P99,Clusters_7,EuroAtlantic_SLP~T850~Z500,26.666666666666668,1.850780798149219,1.6699801192842942,28.000000000000004,1.8161180476730987,66.19770455386895,EuroAtlantic,SLP~T850~Z500
0,P95,Clusters_8,EuroAtlantic_SLP~T850~Z500,17.890520694259013,8.187134502923977,7.37230121116377,32.176234979973295,7.794561933534744,92.9877823028508,EuroAtlantic,SLP~T850~Z500
1,P97,Clusters_8,EuroAtlantic_SLP~T850~Z500,18.88888888888889,5.13595166163142,4.634017904160085,27.333333333333332,4.91872091837273,86.945575712699,EuroAtlantic,SLP~T850~Z500
2,P99,Clusters_8,EuroAtlantic_SLP~T850~Z500,22.0,1.9298245614035088,1.7414248021108178,24.666666666666668,1.8731117824773416,70.66271751203259,EuroAtlantic,SLP~T850~Z500
0,P95,Clusters_9,EuroAtlantic_SLP~T850~Z500,16.955941255006675,8.386683738796414,7.528735632183908,31.37516688918558,7.889700327981203,94.97223250647909,EuroAtlantic,SLP~T850~Z500
1,P97,Clusters_9,EuroAtlantic_SLP~T850~Z500,18.0,5.249679897567221,4.712643678160919,30.888888888888886,5.004218599692631,89.15957052943354,EuroAtlantic,SLP~T850~Z500
2,P99,Clusters_9,EuroAtlantic_SLP~T850~Z500,20.666666666666668,2.002503128911139,1.7987633501967397,24.0,1.9400352733686066,72.43243243243244,EuroAtlantic,SLP~T850~Z500
0,P95,Clusters_10,EuroAtlantic_SLP~T850~Z500,15.353805073431243,9.036144578313253,8.011444921316166,28.97196261682243,8.316725179904676,96.83820807108478,EuroAtlantic,SLP~T850~Z500
1,P97,Clusters_10,EuroAtlantic_SLP~T850~Z500,16.22222222222222,5.679862306368331,5.038759689922481,28.666666666666664,5.2608474518268,93.43206219918548,EuroAtlantic,SLP~T850~Z500
2,P99,Clusters_10,EuroAtlantic_SLP~T850~Z500,18.666666666666668,2.118334550766983,1.8982536066818527,24.666666666666668,2.0452885317750185,76.86782673084042,EuroAtlantic,SLP~T850~Z500
0,P95,Clusters_11,EuroAtlantic_SLP~T850~Z500,14.152202937249667,9.202958093672967,8.156606851549755,30.307076101468624,8.417997097242381,95.83857830433173,EuroAtlantic,SLP~T850~Z500
1,P97,Clusters_11,EuroAtlantic_SLP~T850~Z500,14.888888888888888,5.779816513761468,5.138662316476346,28.22222222222222,5.386982483413658,91.35135135135135,EuroAtlantic,SLP~T850~Z500
2,P99,Clusters_11,EuroAtlantic_SLP~T850~Z500,17.333333333333336,2.1863117870722433,1.921470342522974,25.333333333333336,2.09745377644673,77.21584598296927,EuroAtlantic,SLP~T850~Z500
0,P95,Clusters_12,EuroAtlantic_SLP~T850~Z500,13.351134846461948,9.510086455331413,8.389830508474576,31.24165554072096,8.555104463691425,96.34950018511663,EuroAtlantic,SLP~T850~Z500
1,P97,Clusters_12,EuroAtlantic_SLP~T850~Z500,14.000000000000002,5.948869223205507,5.253623188405797,27.999999999999996,5.446531090143002,93.8245094409478,EuroAtlantic,SLP~T850~Z500
2,P99,Clusters_12,EuroAtlantic_SLP~T850~Z500,16.0,2.2388059701492535,1.9927536231884055,26.0,2.154911064470309,77.04553868937431,EuroAtlantic,SLP~T850~Z500
0,P95,Clusters_4,MedExt_SLP,36.58210947930574,7.71342300301949,7.197745901639344,38.851802403204275,7.649747414000481,94.7204738985561,MedExt,SLP
1,P97,Clusters_4,MedExt_SLP,38.22222222222222,4.811161895597786,4.487760652765186,39.77777777777778,4.776283283008509,92.16586449463162,MedExt,SLP
2,P99,Clusters_4,MedExt_SLP,42.66666666666667,1.784243755146857,1.6649590163934427,43.333333333333336,1.7567938512215207,78.79303961495742,MedExt,SLP
0,P95,Clusters_7,MedExt_SLP,21.628838451268358,9.736070381231672,8.858057630736393,45.26034712950601,8.835115362971301,99.59274342835987,MedExt,SLP
1,P97,Clusters_7,MedExt_SLP,22.88888888888889,6.11352706216449,5.567010309278351,45.111111111111114,5.623418823447868,98.63013698630137,MedExt,SLP
2,P99,Clusters_7,MedExt_SLP,26.0,2.2509848058525606,2.0618556701030926,40.66666666666667,2.1114369501466275,92.43983709737135,MedExt,SLP
0,P95,Clusters_8,MedExt_SLP,21.36181575433912,10.774710596616206,9.762900976290098,43.39118825100133,9.408602150537634,99.57052943354313,MedExt,SLP
1,P97,Clusters_8,MedExt_SLP,22.444444444444443,6.767586821015138,6.136680613668061,41.55555555555556,5.986794441954128,99.35579415031471,MedExt,SLP
2,P99,Clusters_8,MedExt_SLP,24.666666666666668,2.4634334103156275,2.233389168062535,39.33333333333333,2.2755227552275525,96.30507219548315,MedExt,SLP
0,P95,Clusters_9,MedExt_SLP,17.623497997329775,11.95748449955713,10.697305863708399,38.31775700934579,10.041639271454573,99.27434283598667,MedExt,SLP
1,P97,Clusters_9,MedExt_SLP,18.666666666666668,7.581227436823104,6.796941376380629,36.66666666666667,6.465899025686449,98.73380229544613,MedExt,SLP
2,P99,Clusters_9,MedExt_SLP,21.333333333333336,2.7978339350180503,2.5236593059936907,35.333333333333336,2.4960827798193725,93.76527212143651,MedExt,SLP
0,P95,Clusters_10,MedExt_SLP,17.623497997329775,11.84327693677649,10.658682634730539,41.92256341789052,9.96523182923319,99.86671603109959,MedExt,SLP
1,P97,Clusters_10,MedExt_SLP,18.798564711705026,7.52212389380531,6.756756756756757,41.11111111111111,6.43538753638915,99.65198074787116,MedExt,SLP
2,P99,Clusters_10,MedExt_SLP,21.333333333333336,2.80561122244489,2.5112107623318383,36.66666666666667,2.5094407687489415,96.0162902628656,MedExt,SLP
0,P95,Clusters_11,MedExt_SLP,16.555407209612817,12.192902638762511,10.894308943089431,40.720961281708945,10.068682463578456,99.84450203628286,MedExt,SLP
1,P97,Clusters_11,MedExt_SLP,17.77777777777778,7.734303912647862,6.910569105691057,39.77777777777778,6.448054155368031,99.67419474268789,MedExt,SLP
2,P99,Clusters_11,MedExt_SLP,20.0,2.849002849002849,2.5620496397117694,37.333333333333336,2.5183070305556643,97.4305812661977,MedExt,SLP
0,P95,Clusters_12,MedExt_SLP,15.7543391188251,12.60387811634349,11.181434599156118,41.52202937249666,10.206375735774236,99.88152536097742,MedExt,SLP
1,P97,Clusters_12,MedExt_SLP,16.666666666666664,8.085106382978724,7.170393215111797,40.44444444444444,6.647974469951145,99.76305072195483,MedExt,SLP
2,P99,Clusters_12,MedExt_SLP,18.666666666666668,3.0100334448160537,2.663438256658596,36.0,2.6347437626881436,97.95631247686042,MedExt,SLP
0,P95,Clusters_4,MedExt_T850,40.720961281708945,8.444444444444445,7.861476238624873,47.396528704939925,8.098559060543423,98.94113291373566,MedExt,T850
1,P97,Clusters_4,MedExt_T850,41.55555555555556,5.203558910757616,4.828109201213347,47.55555555555556,5.044666316342617,98.68196964087375,MedExt,T850
2,P99,Clusters_4,MedExt_T850,44.0,1.8129269574356282,1.6936299292214358,46.666666666666664,1.7869575307495937,90.72195483154387,MedExt,T850
0,P95,Clusters_7,MedExt_T850,26.83578104138852,9.712722298221614,8.895705521472392,56.475300400534046,8.58908695915274,99.97038134024436,MedExt,T850
1,P97,Clusters_7,MedExt_T850,27.77777777777778,6.064880112834979,5.521472392638037,55.77777777777778,5.406754430737484,99.84450203628286,MedExt,T850
2,P99,Clusters_7,MedExt_T850,30.0,2.1861777150916786,1.9964507542147296,50.66666666666667,2.009993652067709,96.3346908552388,MedExt,T850
0,P95,Clusters_8,MedExt_T850,25.100133511348467,10.275502606105734,9.361497839654346,55.14018691588785,8.918974132591519,99.95557201036654,MedExt,T850
1,P97,Clusters_8,MedExt_T850,25.77777777777778,6.371774618220116,5.8001693480101615,54.666666666666664,5.590230037815202,99.92595335061088,MedExt,T850
2,P99,Clusters_8,MedExt_T850,28.000000000000004,2.251978088861838,2.062541583499667,48.666666666666664,2.0812540829550468,98.87449092928546,MedExt,T850
0,P95,Clusters_9,MedExt_T850,24.16555407209613,11.116803278688526,10.084033613445378,54.07209612817089,9.546237109363465,99.9407626804887,MedExt,T850
1,P97,Clusters_9,MedExt_T850,25.333333333333336,6.965572457966374,6.320081549439347,53.77777777777778,6.011162217938854,99.94816734542762,MedExt,T850
2,P99,Clusters_9,MedExt_T850,28.000000000000004,2.5195968645016795,2.2906227630637077,47.333333333333336,2.2685256246914065,99.30396149574233,MedExt,T850
0,P95,Clusters_10,MedExt_T850,20.827770360480642,11.595912293117358,10.434782608695652,53.00400534045394,9.61904767807022,99.91854868567196,MedExt,T850
1,P97,Clusters_10,MedExt_T850,21.777777777777775,7.28888888888889,6.560922855082913,52.666666666666664,6.093466158833927,99.92595335061088,MedExt,T850
2,P99,Clusters_10,MedExt_T850,24.666666666666668,2.6215182960131074,2.365930599369085,46.0,2.312543798177996,98.74120696038504,MedExt,T850
0,P95,Clusters_11,MedExt_T850,20.29372496662216,11.922365988909426,10.728476821192052,50.7343124165554,9.820846814765266,99.98519067012218,MedExt,T850
1,P97,Clusters_11,MedExt_T850,21.555555555555557,7.5685903500473035,6.793703396851698,50.666666666666664,6.265117152532113,99.97038134024436,MedExt,T850
2,P99,Clusters_11,MedExt_T850,24.0,2.7436140018921478,2.454991816693944,45.33333333333333,2.4029721614393185,99.28174750092559,MedExt,T850
0,P95,Clusters_12,MedExt_T850,18.157543391188252,11.701244813278008,10.502625656414104,51.00133511348465,9.677315196866479,99.98519067012218,MedExt,T850
1,P97,Clusters_12,MedExt_T850,19.333333333333332,7.424812030075188,6.651108518086348,50.22222222222222,6.177265854393369,99.9407626804887,MedExt,T850
2,P99,Clusters_12,MedExt_T850,22.0,2.7331189710610935,2.4504084014002334,43.333333333333336,2.4115755627009645,98.82265827471308,MedExt,T850
0,P95,Clusters_4,MedExt_Z500,39.38584779706275,7.993071022024252,7.450254511800093,44.32576769025367,7.7668838749018985,97.7563865235098,MedExt,Z500
1,P97,Clusters_4,MedExt_Z500,40.44444444444444,4.9492699826775555,4.613200851667849,44.666666666666664,4.825538233110616,96.87523139577934,MedExt,Z500
2,P99,Clusters_4,MedExt_Z500,44.0,1.7852834740651389,1.6658954187875983,46.0,1.7629184615940159,86.18289522399112,MedExt,Z500
0,P95,Clusters_7,MedExt_Z500,27.770360480640853,10.06319883325231,9.212283044058744,48.73164218958611,9.020692262664781,98.3931877082562,MedExt,Z500
1,P97,Clusters_7,MedExt_Z500,28.888888888888886,6.225462703309029,5.696484201157098,48.888888888888886,5.687894992707827,97.741577193632,MedExt,Z500
2,P99,Clusters_7,MedExt_Z500,31.333333333333336,2.2189349112426036,2.034358047016275,46.666666666666664,2.0875113677969503,94.9203998519067,MedExt,Z500
0,P95,Clusters_8,MedExt_Z500,24.566088117489986,11.143270622286542,10.078740157480315,46.5954606141522,9.568300697321519,98.9707515734913,MedExt,Z500
1,P97,Clusters_8,MedExt_Z500,25.77777777777778,6.850961538461539,6.192660550458716,46.888888888888886,5.985396643377163,99.23731951129211,MedExt,Z500
2,P99,Clusters_8,MedExt_Z500,28.666666666666668,2.3878437047756873,2.1653543307086616,45.333333333333336,2.2141240485006337,95.49055905220288,MedExt,Z500
0,P95,Clusters_9,MedExt_Z500,24.432576769025367,11.5,10.44776119402985,45.126835781041386,9.915112907219264,99.98519067012218,MedExt,Z500
1,P97,Clusters_9,MedExt_Z500,25.77777777777778,7.264957264957266,6.613906161673262,45.55555555555556,6.311785603954279,99.88152536097742,MedExt,Z500
2,P99,Clusters_9,MedExt_Z500,28.000000000000004,2.635542168674699,2.4015369836695486,44.666666666666664,2.391895166874394,97.48241392077009,MedExt,Z500
0,P95,Clusters_10,MedExt_Z500,22.696929238985312,12.040374909877432,10.862409479921,44.592790387182916,10.151689380848175,99.83709737134394,MedExt,Z500
1,P97,Clusters_10,MedExt_Z500,24.22222222222222,7.6047594412829795,6.859448554135844,44.888888888888886,6.517536164327792,99.65198074787116,MedExt,Z500
2,P99,Clusters_10,MedExt_Z500,27.333333333333332,2.7800490596892886,2.5202092249167856,43.333333333333336,2.507424728208271,96.8530174009626,MedExt,Z500
0,P95,Clusters_11,MedExt_Z500,21.09479305740988,12.393442622950818,11.17732806865212,45.9279038718291,10.180502622688,99.88893002591632,MedExt,Z500
1,P97,Clusters_11,MedExt_Z500,22.444444444444443,7.887579329102448,7.123098201936376,43.77777777777777,6.5907950084631395,99.82228804146612,MedExt,Z500
2,P99,Clusters_11,MedExt_Z500,25.333333333333336,2.9184549356223175,2.6347305389221556,42.0,2.583533829000256,96.55683080340614,MedExt,Z500
0,P95,Clusters_12,MedExt_Z500,18.958611481975968,12.924071082390952,11.571025399811854,47.66355140186916,10.501444957734023,99.88152536097742,MedExt,Z500
1,P97,Clusters_12,MedExt_Z500,20.22222222222222,8.126665300266447,7.25163161711385,46.44444444444444,6.68769391485718,99.77045538689374,MedExt,Z500
2,P99,Clusters_12,MedExt_Z500,22.666666666666664,2.9629629629629632,2.650429799426934,42.66666666666667,2.59531001040742,97.51943724546464,MedExt,Z500
0,P95,Clusters_4,MedExt_SLP~T850,39.11882510013351,8.33101916134407,7.723995880535531,42.05607476635514,8.164398778117189,96.34209552017772,MedExt,SLP~T850
1,P97,Clusters_4,MedExt_SLP~T850,40.44444444444444,5.151305151305151,4.7888774459320285,42.888888888888886,5.081921688419883,94.5279526101444,MedExt,SLP~T850
2,P99,Clusters_4,MedExt_SLP~T850,43.333333333333336,1.8328242154956955,1.6992790937178166,44.666666666666664,1.824901824901825,85.05738615327655,MedExt,SLP~T850
0,P95,Clusters_7,MedExt_SLP~T850,26.969292389853138,10.608272506082725,9.652996845425868,48.865153538050734,9.526326292819345,99.88893002591632,MedExt,SLP~T850
1,P97,Clusters_7,MedExt_SLP~T850,28.000000000000004,6.682297772567409,6.084840055632823,48.0,6.048921830197568,99.72602739726028,MedExt,SLP~T850
2,P99,Clusters_7,MedExt_SLP~T850,30.666666666666664,2.44926522043387,2.2253129346314324,44.66666666666667,2.2860492379835873,97.79340984820438,MedExt,SLP~T850
0,P95,Clusters_8,MedExt_SLP~T850,23.63150867823765,11.287758346581876,10.193798449612403,48.865153538050734,9.859671866629226,99.82228804146612,MedExt,SLP~T850
1,P97,Clusters_8,MedExt_SLP~T850,24.88888888888889,7.153806847215124,6.455862977602108,49.55555555555556,6.312867767292708,99.57052943354313,MedExt,SLP~T850
2,P99,Clusters_8,MedExt_SLP~T850,28.000000000000004,2.641232575201761,2.377486656962639,48.0,2.4067170359514587,98.04516845612736,MedExt,SLP~T850
0,P95,Clusters_9,MedExt_SLP~T850,20.694259012016023,11.720696320854943,10.529019003595275,50.86782376502002,9.844134079868631,99.88893002591632,MedExt,SLP~T850
1,P97,Clusters_9,MedExt_SLP~T850,21.777777777777775,7.410636442894507,6.666666666666667,50.22222222222222,6.303080642233189,99.90373935579416,MedExt,SLP~T850
2,P99,Clusters_9,MedExt_SLP~T850,24.0,2.7027027027027026,2.41397021058038,46.666666666666664,2.4143739472206627,98.85968159940762,MedExt,SLP~T850
0,P95,Clusters_10,MedExt_SLP~T850,19.225634178905207,12.178877259752618,10.842368640533778,48.33110814419226,10.025839513408284,99.94816734542762,MedExt,SLP~T850
1,P97,Clusters_10,MedExt_SLP~T850,20.444444444444446,7.7055779183438755,6.839032527105922,47.33333333333333,6.426551202486472,99.89633469085524,MedExt,SLP~T850
2,P99,Clusters_10,MedExt_SLP~T850,22.666666666666664,2.8177113283496262,2.5020850708924103,43.333333333333336,2.5005014036090074,98.94113291373566,MedExt,SLP~T850
0,P95,Clusters_11,MedExt_SLP~T850,18.424566088117487,13.025641025641024,11.594202898550725,49.79973297730307,10.32485424182917,100.0,MedExt,SLP~T850
1,P97,Clusters_11,MedExt_SLP~T850,19.555555555555557,8.201058201058201,7.336956521739131,49.33333333333333,6.604644607134574,99.98519067012218,MedExt,SLP~T850
2,P99,Clusters_11,MedExt_SLP~T850,22.0,2.9982363315696645,2.667814113597246,45.33333333333333,2.559166483846825,99.17067752684191,MedExt,SLP~T850
0,P95,Clusters_12,MedExt_SLP~T850,17.489986648865152,13.340935005701255,11.844240129799893,48.99866488651535,10.61169479140762,99.95557201036654,MedExt,SLP~T850
1,P97,Clusters_12,MedExt_SLP~T850,18.666666666666668,8.476190476190476,7.5175770686857755,47.55555555555555,6.828411775410062,99.94816734542762,MedExt,SLP~T850
2,P99,Clusters_12,MedExt_SLP~T850,20.666666666666668,3.118503118503119,2.7777777777777777,44.666666666666664,2.661237068016729,99.06701221769715,MedExt,SLP~T850
0,P95,Clusters_4,MedExt_SLP~Z500,38.31775700934579,7.951143168209036,7.401774397972116,40.58744993324432,7.866086009798584,97.03072935949648,MedExt,SLP~Z500
1,P97,Clusters_4,MedExt_SLP~Z500,39.77777777777778,4.953728905824714,4.613434727503169,41.77777777777778,4.899292324442025,94.47611995557202,MedExt,SLP~Z500
2,P99,Clusters_4,MedExt_SLP~Z500,43.333333333333336,1.8236254763200872,1.6983523447401776,44.666666666666664,1.8133462282398451,82.07330618289522,MedExt,SLP~Z500
0,P95,Clusters_7,MedExt_SLP~Z500,26.168224299065418,10.108303249097473,9.238542042583903,45.52736982643525,9.32964754664824,99.27434283598667,MedExt,SLP~Z500
1,P97,Clusters_7,MedExt_SLP~Z500,27.555555555555557,6.357982031789911,5.826859045504994,45.77777777777778,5.886939571150098,98.61532765642355,MedExt,SLP~Z500
2,P99,Clusters_7,MedExt_SLP~Z500,31.333333333333336,2.3014440433213,2.108768035516093,42.66666666666667,2.195121951219512,94.33543132173268,MedExt,SLP~Z500
0,P95,Clusters_8,MedExt_SLP~Z500,23.49799732977303,10.89619600257898,9.917840375586854,45.39385847797063,9.551375092046364,99.0373935579415,MedExt,SLP~Z500
1,P97,Clusters_8,MedExt_SLP~Z500,24.666666666666668,6.771545827633379,6.168958742632613,45.55555555555556,6.0196268737194005,98.62273232136246,MedExt,SLP~Z500
2,P99,Clusters_8,MedExt_SLP~Z500,27.333333333333332,2.4199288256227756,2.200392927308448,43.33333333333333,2.256608639587363,94.95001851166235,MedExt,SLP~Z500
0,P95,Clusters_9,MedExt_SLP~Z500,21.762349799732977,11.674449633088726,10.538116591928251,43.524699599465954,9.935905332136103,99.76305072195483,MedExt,SLP~Z500
1,P97,Clusters_9,MedExt_SLP~Z500,22.88888888888889,7.291666666666667,6.594071385359952,43.111111111111114,6.2818820583271755,99.55572010366531,MedExt,SLP~Z500
2,P99,Clusters_9,MedExt_SLP~Z500,25.333333333333336,2.6367831245880025,2.3880597014925375,40.0,2.387241911938345,96.91965938541281,MedExt,SLP~Z500
0,P95,Clusters_10,MedExt_SLP~Z500,20.427236315086784,12.149532710280374,10.936205468102735,44.45927903871829,10.165020892462945,99.92595335061088,MedExt,SLP~Z500
1,P97,Clusters_10,MedExt_SLP~Z500,21.555555555555557,7.678410117434507,6.924643584521386,43.42984409799555,6.516366682275969,99.86671603109959,MedExt,SLP~Z500
2,P99,Clusters_10,MedExt_SLP~Z500,24.0,2.781954887218045,2.5118805159538358,40.66666666666667,2.4967500718446978,98.05257312106626,MedExt,SLP~Z500
0,P95,Clusters_11,MedExt_SLP~Z500,18.82510013351135,12.886597938144329,11.52073732718894,43.79172229639519,10.458914286787326,99.88152536097742,MedExt,SLP~Z500
1,P97,Clusters_11,MedExt_SLP~Z500,20.0,8.16542948038176,7.332796132151491,42.888888888888886,6.752136752136752,99.77045538689374,MedExt,SLP~Z500
2,P99,Clusters_11,MedExt_SLP~Z500,22.666666666666664,2.9692470837751856,2.6591458501208702,40.0,2.6111399852731445,98.68937430581266,MedExt,SLP~Z500
0,P95,Clusters_12,MedExt_SLP~Z500,17.356475300400533,13.387241689128482,11.916264090177133,42.456608811749,10.591422998078016,99.88893002591632,MedExt,SLP~Z500
1,P97,Clusters_12,MedExt_SLP~Z500,18.444444444444443,8.508845829823084,7.568438003220612,41.77777777777777,6.881263390697353,99.80007404664939,MedExt,SLP~Z500
2,P99,Clusters_12,MedExt_SLP~Z500,20.666666666666668,3.117206982543641,2.7752081406105455,39.33333333333333,2.691067425361783,98.70418363569048,MedExt,SLP~Z500
0,P95,Clusters_4,MedExt_T850~Z500,42.323097463284384,8.559606930437031,7.953063885267275,51.802403204272366,8.249288854409102,90.93669011477232,MedExt,T850~Z500
1,P97,Clusters_4,MedExt_T850~Z500,43.77777777777778,5.3012671321437805,4.9282920469361144,51.55555555555556,5.149127743387732,88.7523139577934,MedExt,T850~Z500
2,P99,Clusters_4,MedExt_T850~Z500,48.0,1.9414743950478333,1.8063583815028903,52.666666666666664,1.9136281355055598,77.4305812661977,MedExt,T850~Z500
0,P95,Clusters_7,MedExt_T850~Z500,29.372496662216292,10.789766407119021,9.829488465396189,51.401869158878505,9.333782374363022,98.95594224361348,MedExt,T850~Z500
1,P97,Clusters_7,MedExt_T850~Z500,30.666666666666664,6.708927628103539,6.118355065195587,51.77777777777777,5.887814551791872,98.6523509811181,MedExt,T850~Z500
2,P99,Clusters_7,MedExt_T850~Z500,32.666666666666664,2.3771790808240887,2.15311004784689,48.66666666666667,2.1746753469999325,95.28322843391337,MedExt,T850~Z500
0,P95,Clusters_8,MedExt_T850~Z500,25.500667556742325,11.095505617977528,10.038119440914867,50.20026702269693,9.466383914424,98.37837837837839,MedExt,T850~Z500
1,P97,Clusters_8,MedExt_T850~Z500,26.666666666666668,6.842400448681997,6.210855949895616,49.77777777777778,5.955640034252796,98.34135505368383,MedExt,T850~Z500
2,P99,Clusters_8,MedExt_T850~Z500,29.333333333333332,2.443609022556391,2.2298456260720414,48.0,2.2157184402252086,94.77971121806739,MedExt,T850~Z500
0,P95,Clusters_9,MedExt_T850~Z500,25.100133511348467,11.648223645894001,10.53593179049939,51.00133511348464,9.72693990805613,99.82228804146612,MedExt,T850~Z500
1,P97,Clusters_9,MedExt_T850~Z500,26.222222222222225,7.346938775510205,6.6457352171637885,49.665924276169264,6.178075190472228,99.27434283598667,MedExt,T850~Z500
2,P99,Clusters_9,MedExt_T850~Z500,28.000000000000004,2.6476578411405294,2.4071166928309786,47.33333333333333,2.3624446140285493,97.80821917808218,MedExt,T850~Z500
0,P95,Clusters_10,MedExt_T850~Z500,23.09746328437917,12.022630834512023,10.832879695155144,51.935914552736975,9.895921251390458,99.42984079970381,MedExt,T850~Z500
1,P97,Clusters_10,MedExt_T850~Z500,24.444444444444443,7.600502512562814,6.859009254218836,51.111111111111114,6.278560536501662,99.17067752684191,MedExt,T850~Z500
2,P99,Clusters_10,MedExt_T850~Z500,26.666666666666668,2.763819095477387,2.5,46.0,2.420807120629667,96.92706405035172,MedExt,T850~Z500
0,P95,Clusters_11,MedExt_T850~Z500,21.628838451268358,12.265694597837786,11.031746031746032,52.0694259012016,10.059878689079518,99.97778600518326,MedExt,T850~Z500
1,P97,Clusters_11,MedExt_T850~Z500,22.88888888888889,7.736389684813753,6.97538100820633,51.111111111111114,6.3958644139134995,99.77786005183266,MedExt,T850~Z500
2,P99,Clusters_11,MedExt_T850~Z500,25.333333333333336,2.83363802559415,2.5396825396825395,46.0,2.470690704337175,97.34912995186967,MedExt,T850~Z500
0,P95,Clusters_12,MedExt_T850~Z500,20.160213618157545,13.280736357659434,11.882716049382717,51.26835781041388,10.45191841376365,100.0,MedExt,T850~Z500
1,P97,Clusters_12,MedExt_T850~Z500,21.555555555555557,8.397600685518423,7.542942494398805,50.0,6.6540700665599815,99.97038134024436,MedExt,T850~Z500
2,P99,Clusters_12,MedExt_T850~Z500,24.0,3.076923076923077,2.7550260610573343,44.666666666666664,2.6000460822231934,98.46723435764531,MedExt,T850~Z500
0,P95,Clusters_4,MedExt_SLP~T850~Z500,38.584779706275036,8.447238928376162,7.840649581324537,44.32576769025367,8.201202843083651,95.03146982599037,MedExt,SLP~T850~Z500
1,P97,Clusters_4,MedExt_SLP~T850~Z500,40.0,5.19409513395298,4.82111139304745,44.888888888888886,5.057494163121619,92.78785634950019,MedExt,SLP~T850~Z500
2,P99,Clusters_4,MedExt_SLP~T850~Z500,44.0,1.8574514038876888,1.7254503933011927,46.666666666666664,1.8316019682886824,84.42058496853018,MedExt,SLP~T850~Z500
0,P95,Clusters_7,MedExt_SLP~T850~Z500,27.636849132176234,10.25526197939991,9.37653411880216,48.197596795727634,9.270040304523063,98.3931877082562,MedExt,SLP~T850~Z500
1,P97,Clusters_7,MedExt_SLP~T850~Z500,28.888888888888886,6.373815676141257,5.8273776800439805,48.44444444444444,5.808358067059913,98.15623843021103,MedExt,SLP~T850~Z500
2,P99,Clusters_7,MedExt_SLP~T850~Z500,31.333333333333336,2.286087524493795,2.1031746031746033,45.33333333333333,2.1739130434782608,93.90596075527581,MedExt,SLP~T850~Z500
0,P95,Clusters_8,MedExt_SLP~T850~Z500,24.966622162883844,10.947616244849911,9.969122187913543,47.930574098798395,9.477039292474597,99.37800814513143,MedExt,SLP~T850~Z500
1,P97,Clusters_8,MedExt_SLP~T850~Z500,26.0,6.827545615067687,6.196581196581197,48.44444444444444,6.003531489111242,99.24472417623103,MedExt,SLP~T850~Z500
2,P99,Clusters_8,MedExt_SLP~T850~Z500,28.666666666666668,2.430939226519337,2.214393558127831,46.0,2.2568732690506916,96.07552758237689,MedExt,SLP~T850~Z500
0,P95,Clusters_9,MedExt_SLP~T850~Z500,22.429906542056074,11.717791411042946,10.554561717352415,50.06675567423231,9.850053882939314,99.99259533506108,MedExt,SLP~T850~Z500
1,P97,Clusters_9,MedExt_SLP~T850~Z500,23.555555555555554,7.3927392739273925,6.666666666666667,49.11111111111111,6.276761070730936,99.97778600518326,MedExt,SLP~T850~Z500
2,P99,Clusters_9,MedExt_SLP~T850~Z500,25.333333333333336,2.706270627062706,2.43161094224924,43.333333333333336,2.400660349661954,99.2891521658645,MedExt,SLP~T850~Z500
0,P95,Clusters_10,MedExt_SLP~T850~Z500,20.026702269692922,12.16478636717121,10.891089108910892,50.200267022696934,10.075812431079608,99.91854868567196,MedExt,SLP~T850~Z500
1,P97,Clusters_10,MedExt_SLP~T850~Z500,21.333333333333336,7.6823757262750165,6.887509573288525,49.77777777777778,6.456047176943345,99.88893002591632,MedExt,SLP~T850~Z500
2,P99,Clusters_10,MedExt_SLP~T850~Z500,24.0,2.8077753779697625,2.525252525252525,46.666666666666664,2.481713940539512,98.52647167715661,MedExt,SLP~T850~Z500
0,P95,Clusters_11,MedExt_SLP~T850~Z500,18.958611481975968,12.946058091286309,11.546840958605664,47.66355140186916,10.42342689807871,99.98519067012218,MedExt,SLP~T850~Z500
1,P97,Clusters_11,MedExt_SLP~T850~Z500,20.22222222222222,8.232445520581114,7.355126300148589,47.55555555555556,6.708177171845338,99.94816734542762,MedExt,SLP~T850~Z500
2,P99,Clusters_11,MedExt_SLP~T850~Z500,22.666666666666664,2.987551867219917,2.674591381872214,44.0,2.5998142989786444,98.34875971862273,MedExt,SLP~T850~Z500
0,P95,Clusters_12,MedExt_SLP~T850~Z500,18.55807743658211,13.384188626907074,11.919368974583698,48.06408544726302,10.599790467318993,99.99259533506108,MedExt,SLP~T850~Z500
1,P97,Clusters_12,MedExt_SLP~T850~Z500,19.77777777777778,8.51581508515815,7.593582887700536,46.888888888888886,6.854455719544367,99.9407626804887,MedExt,SLP~T850~Z500
2,P99,Clusters_12,MedExt_SLP~T850~Z500,22.0,3.1206657420249653,2.7777777777777777,44.66666666666667,2.6758646587688375,98.4598296927064,MedExt,SLP~T850~Z500
0,P95,Clusters_4,MedExtAtl_SLP,37.516688918558074,8.24059353471118,7.697426796805678,41.7890520694259,8.090774543660583,93.26175490559052,MedExtAtl,SLP
1,P97,Clusters_4,MedExtAtl_SLP,38.88888888888889,5.113937466878643,4.769299023957409,42.888888888888886,5.0344462109168,90.95149944465012,MedExtAtl,SLP
2,P99,Clusters_4,MedExtAtl_SLP,42.66666666666667,1.856203007518797,1.7326732673267329,45.33333333333333,1.8327067669172932,80.17030729359497,MedExtAtl,SLP
0,P95,Clusters_7,MedExtAtl_SLP,20.694259012016023,10.623556581986143,9.534750143595634,42.99065420560747,9.150475441474383,99.06701221769715,MedExtAtl,SLP
1,P97,Clusters_7,MedExtAtl_SLP,21.777777777777775,6.543494996150885,5.88768115942029,43.381588715664435,5.7446120626891926,98.12661977045539,MedExtAtl,SLP
2,P99,Clusters_7,MedExtAtl_SLP,24.666666666666668,2.3613963039014374,2.131018153117601,41.33333333333333,2.1558823977027686,90.64790818215475,MedExtAtl,SLP
0,P95,Clusters_8,MedExtAtl_SLP,20.026702269692922,10.959885386819485,9.90990990990991,47.53004005340454,9.240334548619094,99.56312476860421,MedExtAtl,SLP
1,P97,Clusters_8,MedExtAtl_SLP,21.333333333333336,6.757782839787396,6.129032258064516,45.33333333333333,5.818733866224747,99.08182154757498,MedExtAtl,SLP
2,P99,Clusters_8,MedExtAtl_SLP,24.0,2.4355300859598854,2.204502814258912,42.66666666666667,2.2204855125579077,95.04627915586819,MedExtAtl,SLP
0,P95,Clusters_9,MedExtAtl_SLP,19.225634178905207,12.099276111685626,10.836653386454183,45.26034712950601,9.817182483831841,99.69640873750463,MedExtAtl,SLP
1,P97,Clusters_9,MedExtAtl_SLP,20.444444444444446,7.5571177504393665,6.809815950920245,43.55555555555556,6.266889980966434,99.45945945945947,MedExtAtl,SLP
2,P99,Clusters_9,MedExtAtl_SLP,22.666666666666664,2.7288732394366195,2.4545454545454546,40.666666666666664,2.417824642223313,96.24583487597185,MedExtAtl,SLP
0,P95,Clusters_10,MedExtAtl_SLP,18.29105473965287,13.141025641025642,11.76975945017182,46.061415220293725,10.410089594150316,99.88893002591632,MedExtAtl,SLP
1,P97,Clusters_10,MedExtAtl_SLP,19.333333333333332,8.333333333333332,7.433808553971486,45.11111111111111,6.730769230769231,99.68900407256571,MedExtAtl,SLP
2,P99,Clusters_10,MedExtAtl_SLP,21.333333333333336,2.9914529914529915,2.6720106880427523,41.333333333333336,2.5990160459207354,97.48241392077009,MedExtAtl,SLP
0,P95,Clusters_11,MedExtAtl_SLP,17.089452603471294,13.432835820895523,12.0,44.99332443257677,10.631989030638241,99.8074787115883,MedExtAtl,SLP
1,P97,Clusters_11,MedExtAtl_SLP,18.22222222222222,8.536585365853659,7.615230460921844,44.22222222222222,6.87472579130166,99.5483154387264,MedExtAtl,SLP
2,P99,Clusters_11,MedExtAtl_SLP,20.666666666666668,3.067993366500829,2.7600849256900215,41.33333333333333,2.6546609325036927,97.4305812661977,MedExtAtl,SLP
0,P95,Clusters_12,MedExtAtl_SLP,15.620827770360481,13.905079100749376,12.362911266201396,44.85981308411215,10.820657858015469,99.96297667530544,MedExtAtl,SLP
1,P97,Clusters_12,MedExtAtl_SLP,16.666666666666664,8.90924229808493,7.9335793357933575,44.22222222222223,7.051296205780956,99.8741206960385,MedExtAtl,SLP
2,P99,Clusters_12,MedExtAtl_SLP,18.666666666666668,3.2305433186490458,2.8913260219341974,42.0,2.7409372236958442,98.55609033691225,MedExtAtl,SLP
0,P95,Clusters_4,MedExtAtl_T850,41.52202937249666,8.652849740932643,8.072653884964682,53.938584779706275,8.014002827094314,98.43761569788967,MedExtAtl,T850
1,P97,Clusters_4,MedExtAtl_T850,42.44444444444444,5.27027027027027,4.918101032326412,54.0,4.958377430108477,97.6231025546094,MedExtAtl,T850
2,P99,Clusters_4,MedExtAtl_T850,45.33333333333333,1.839378238341969,1.7154389505549947,50.0,1.7875647668393784,92.0918178452425,MedExtAtl,T850
0,P95,Clusters_7,MedExtAtl_T850,28.304405874499334,10.248943666740399,9.413663259817106,56.47530040053404,8.983565298997327,99.19289152165864,MedExtAtl,T850
1,P97,Clusters_7,MedExtAtl_T850,29.11111111111111,6.367041198501873,5.847688123300091,56.44444444444444,5.630558756847439,98.88189559422436,MedExtAtl,T850
2,P99,Clusters_7,MedExtAtl_T850,30.666666666666664,2.2896963663514187,2.0930232558139537,52.0,2.0733621466683743,95.34987041836357,MedExtAtl,T850
0,P95,Clusters_8,MedExtAtl_T850,24.03204272363151,10.606060606060606,9.673971138428648,55.54072096128171,9.185368680739163,98.89670492410218,MedExtAtl,T850
1,P97,Clusters_8,MedExtAtl_T850,25.11111111111111,6.6006600660066,6.031528444139822,55.55555555555555,5.745436105476673,98.44502036282859,MedExtAtl,T850
2,P99,Clusters_8,MedExtAtl_T850,27.333333333333332,2.357100766057749,2.1525679758308156,49.333333333333336,2.136213621362136,96.11995557201037,MedExtAtl,T850
0,P95,Clusters_9,MedExtAtl_T850,22.696929238985312,11.417633696115958,10.375,56.14973262032086,9.47236183246112,99.31136616068123,MedExtAtl,T850
1,P97,Clusters_9,MedExtAtl_T850,23.77777777777778,7.106164383561644,6.461538461538462,54.888888888888886,5.983974714749259,99.18548685671973,MedExtAtl,T850
2,P99,Clusters_9,MedExtAtl_T850,26.0,2.5534851621808143,2.31042654028436,47.33333333333333,2.253874612291935,97.17882265827471,MedExtAtl,T850
0,P95,Clusters_10,MedExtAtl_T850,21.49532710280374,11.92,10.787172011661808,54.87316421895861,9.853579243898244,99.9407626804887,MedExtAtl,T850
1,P97,Clusters_10,MedExtAtl_T850,22.444444444444443,7.422680412371134,6.733828207847297,52.88888888888889,6.267588302965967,99.94816734542762,MedExtAtl,T850
2,P99,Clusters_10,MedExtAtl_T850,24.666666666666668,2.675840978593272,2.4238657551274083,46.666666666666664,2.356351072930928,98.9707515734913,MedExtAtl,T850
0,P95,Clusters_11,MedExtAtl_T850,20.694259012016023,12.300683371298406,11.153552330022919,53.80507343124166,9.968482726781453,99.97778600518326,MedExtAtl,T850
1,P97,Clusters_11,MedExtAtl_T850,21.555555555555557,7.698815566835872,6.967213114754098,53.333333333333336,6.309315996117942,99.95557201036654,MedExtAtl,T850
2,P99,Clusters_11,MedExtAtl_T850,24.0,2.733485193621868,2.498265093684941,48.666666666666664,2.381506844211511,98.75601629026286,MedExtAtl,T850
0,P95,Clusters_12,MedExtAtl_T850,18.958611481975968,12.394366197183098,11.158798283261802,53.13751668891856,10.013589323630693,99.99259533506108,MedExtAtl,T850
1,P97,Clusters_12,MedExtAtl_T850,19.77777777777778,7.786885245901639,6.990014265335236,52.44444444444444,6.366089082758517,99.98519067012218,MedExtAtl,T850
2,P99,Clusters_12,MedExtAtl_T850,22.0,2.8391167192429023,2.5677603423680457,47.33333333333333,2.473864846467548,99.02258422806368,MedExtAtl,T850
0,P95,Clusters_4,MedExtAtl_Z500,42.456608811749,8.646140868831717,8.053957548105535,51.26835781041389,8.352017937219731,97.24546464272493,MedExtAtl,Z500
1,P97,Clusters_4,MedExtAtl_Z500,43.77777777777778,5.3353015605229865,4.976550286607608,51.777777777777786,5.15695067264574,96.89004072565717,MedExtAtl,Z500
2,P99,Clusters_4,MedExtAtl_Z500,46.0,1.8778026905829595,1.7457008858780616,52.666666666666664,1.8346689160691692,89.68530174009626,MedExtAtl,Z500
0,P95,Clusters_7,MedExtAtl_Z500,28.971962616822427,11.752577319587628,10.717658168083096,54.60614152202937,9.915292842498149,99.74083672713809,MedExtAtl,Z500
1,P97,Clusters_7,MedExtAtl_Z500,30.22222222222222,7.218124341412013,6.602409638554217,54.666666666666664,6.186612576064909,99.80007404664939,MedExtAtl,Z500
2,P99,Clusters_7,MedExtAtl_Z500,32.0,2.4742268041237114,2.2650602409638556,53.33333333333333,2.2339303695598742,97.70455386893742,MedExtAtl,Z500
0,P95,Clusters_8,MedExtAtl_Z500,25.76769025367156,11.879975505205143,10.825892857142858,54.87316421895861,9.95447213395816,99.62976675305443,MedExtAtl,Z500
1,P97,Clusters_8,MedExtAtl_Z500,27.111111111111114,7.409675443968157,6.7477876106194685,53.777777777777786,6.252570958453312,99.37800814513143,MedExtAtl,Z500
2,P99,Clusters_8,MedExtAtl_Z500,30.0,2.632661456190868,2.385211687537269,52.0,2.3224505589087308,96.41614216956683,MedExtAtl,Z500
0,P95,Clusters_9,MedExtAtl_Z500,23.49799732977303,12.988929889298891,11.75228712174525,54.33911882510013,10.493535797770674,99.97778600518326,MedExtAtl,Z500
1,P97,Clusters_9,MedExtAtl_Z500,24.666666666666668,8.040593286494927,7.261825449700201,52.22222222222223,6.6480800659535495,99.89633469085524,MedExtAtl,Z500
2,P99,Clusters_9,MedExtAtl_Z500,27.333333333333332,2.80561122244489,2.533427163969036,48.666666666666664,2.4687157296638556,98.77082562014068,MedExtAtl,Z500
0,P95,Clusters_10,MedExtAtl_Z500,22.83044058744993,13.847583643122677,12.45650661099513,55.27369826435247,10.916000741033825,99.83709737134394,MedExtAtl,Z500
1,P97,Clusters_10,MedExtAtl_Z500,24.22222222222222,8.699324324324325,7.8636047320807245,54.0,6.950803827873635,99.94816734542762,MedExtAtl,Z500
2,P99,Clusters_10,MedExtAtl_Z500,27.333333333333332,3.125,2.8089887640449436,49.99999999999999,2.6228244731591546,99.36319881525361,MedExtAtl,Z500
0,P95,Clusters_11,MedExtAtl_Z500,21.762349799732977,14.432989690721648,12.971926427879962,53.80507343124165,11.298984590343311,99.9333580155498,MedExtAtl,Z500
1,P97,Clusters_11,MedExtAtl_Z500,23.333333333333332,9.05511811023622,8.1651376146789,53.77777777777778,7.191465747809398,100.0,MedExtAtl,Z500
2,P99,Clusters_11,MedExtAtl_Z500,26.666666666666668,3.2989690721649487,2.9826464208242953,48.00000000000001,2.7864216208781762,99.4816734542762,MedExtAtl,Z500
0,P95,Clusters_12,MedExtAtl_Z500,20.5607476635514,14.893617021276595,13.350340136054422,53.4045393858478,11.640393425353635,100.0,MedExtAtl,Z500
1,P97,Clusters_12,MedExtAtl_Z500,22.0,9.541984732824428,8.534322820037106,53.55555555555555,7.44727780198583,99.94816734542762,MedExtAtl,Z500
2,P99,Clusters_12,MedExtAtl_Z500,24.666666666666668,3.5160289555325748,3.1462585034013606,48.0,2.8625954198473282,99.08922621251388,MedExtAtl,Z500
0,P95,Clusters_4,MedExtAtl_SLP~T850,39.65287049399199,8.80095923261391,8.171112713290075,48.33110814419226,8.5219707057257,94.66864124398371,MedExtAtl,SLP~T850
1,P97,Clusters_4,MedExtAtl_SLP~T850,40.88888888888889,5.400516795865633,5.0228310502283104,48.44444444444444,5.26072351173655,93.70603480192521,MedExtAtl,SLP~T850
2,P99,Clusters_4,MedExtAtl_SLP~T850,44.666666666666664,1.9121447028423773,1.7784186493631338,48.66666666666667,1.8863049095607234,84.02813772676787,MedExtAtl,SLP~T850
0,P95,Clusters_7,MedExtAtl_SLP~T850,26.969292389853138,10.40650406504065,9.540034071550256,55.00667556742323,9.306541431726517,99.71862273232136,MedExtAtl,SLP~T850
1,P97,Clusters_7,MedExtAtl_SLP~T850,28.444444444444443,6.5015479876160995,5.9625212947189095,54.888888888888886,5.8531103797451,99.19289152165864,MedExtAtl,SLP~T850
2,P99,Clusters_7,MedExtAtl_SLP~T850,31.333333333333336,2.330623306233062,2.138668506381511,52.666666666666664,2.168021680216802,95.15734912995187,MedExtAtl,SLP~T850
0,P95,Clusters_8,MedExtAtl_SLP~T850,24.16555407209613,11.514841351074718,10.486390004462294,53.004005340453936,9.710509599209079,99.72602739726028,MedExtAtl,SLP~T850
1,P97,Clusters_8,MedExtAtl_SLP~T850,25.555555555555554,7.164790174002047,6.537541931710399,52.888888888888886,6.169878517375036,99.60755275823769,MedExtAtl,SLP~T850
2,P99,Clusters_8,MedExtAtl_SLP~T850,29.333333333333332,2.5588536335721597,2.3203926818384653,51.33333333333333,2.3197109444444046,96.41614216956683,MedExtAtl,SLP~T850
0,P95,Clusters_9,MedExtAtl_SLP~T850,21.762349799732977,11.872909698996656,10.771581359816654,53.13751668891856,9.788681513446818,99.8148833765272,MedExtAtl,SLP~T850
1,P97,Clusters_9,MedExtAtl_SLP~T850,22.88888888888889,7.427635172037138,6.722689075630252,52.66666666666666,6.215915886357879,99.67419474268789,MedExtAtl,SLP~T850
2,P99,Clusters_9,MedExtAtl_SLP~T850,25.333333333333336,2.6473099914602902,2.389572773352643,50.0,2.341137123745819,98.29692706405035,MedExtAtl,SLP~T850
0,P95,Clusters_10,MedExtAtl_SLP~T850,20.961281708945258,12.567324955116696,11.322248614410134,54.0720961281709,10.17819169126218,99.8741206960385,MedExtAtl,SLP~T850
1,P97,Clusters_10,MedExtAtl_SLP~T850,22.22222222222222,7.897071872227151,7.1258907363420425,53.77777777777777,6.494775748098657,99.78526471677156,MedExtAtl,SLP~T850
2,P99,Clusters_10,MedExtAtl_SLP~T850,24.666666666666668,2.872531418312388,2.585258525852585,49.33333333333334,2.480557645692045,98.25990373935579,MedExtAtl,SLP~T850
0,P95,Clusters_11,MedExtAtl_SLP~T850,19.092122830440587,13.064516129032258,11.714285714285715,53.271028037383175,10.363197400894515,99.98519067012218,MedExtAtl,SLP~T850
1,P97,Clusters_11,MedExtAtl_SLP~T850,20.444444444444446,8.237547892720306,7.420494699646643,52.44444444444445,6.653225806451612,99.9407626804887,MedExtAtl,SLP~T850
2,P99,Clusters_11,MedExtAtl_SLP~T850,23.333333333333332,2.9838709677419355,2.698760029175784,48.0,2.5819265143992056,99.2225101814143,MedExtAtl,SLP~T850
0,P95,Clusters_12,MedExtAtl_SLP~T850,18.55807743658211,13.876651982378855,12.39193083573487,52.20293724966622,10.713229676585721,100.0,MedExtAtl,SLP~T850
1,P97,Clusters_12,MedExtAtl_SLP~T850,19.77777777777778,8.78459687123947,7.855626326963907,50.88888888888889,6.917992708846089,99.96297667530544,MedExtAtl,SLP~T850
2,P99,Clusters_12,MedExtAtl_SLP~T850,22.0,3.2490974729241873,2.9016277423920736,48.0,2.7145956865752607,99.163272861903,MedExtAtl,SLP~T850
0,P95,Clusters_4,MedExtAtl_SLP~Z500,38.98531375166889,8.709827666511412,8.110856852275617,46.99599465954606,8.40064620355412,96.02369492780451,MedExtAtl,SLP~Z500
1,P97,Clusters_4,MedExtAtl_SLP~Z500,40.0,5.375170532060027,4.995655951346655,46.88888888888889,5.211459754433834,94.73528322843391,MedExtAtl,SLP~Z500
2,P99,Clusters_4,MedExtAtl_SLP~Z500,44.0,1.9099590723055935,1.779811848461734,47.333333333333336,1.8826739427012278,85.4128100703443,MedExtAtl,SLP~Z500
0,P95,Clusters_7,MedExtAtl_SLP~Z500,27.369826435246996,11.239009057750984,10.279605263157894,51.134846461949266,9.915567575688758,99.84450203628286,MedExtAtl,SLP~Z500
1,P97,Clusters_7,MedExtAtl_SLP~Z500,28.888888888888886,6.999351911860013,6.416861826697892,51.333333333333336,6.259983672343376,99.65198074787116,MedExtAtl,SLP~Z500
2,P99,Clusters_7,MedExtAtl_SLP~Z500,32.0,2.511707109408259,2.2962112514351323,48.66666666666667,2.3421588594704685,98.25990373935579,MedExtAtl,SLP~Z500
0,P95,Clusters_8,MedExtAtl_SLP~Z500,24.833110814419225,12.08139041966935,10.928242264647794,50.60080106809079,10.229359389091169,99.35579415031471,MedExtAtl,SLP~Z500
1,P97,Clusters_8,MedExtAtl_SLP~Z500,26.444444444444443,7.4587107085775175,6.7952249770431585,49.55555555555556,6.4712726850522895,99.14846353202518,MedExtAtl,SLP~Z500
2,P99,Clusters_8,MedExtAtl_SLP~Z500,29.333333333333332,2.628232301822806,2.3972602739726026,47.333333333333336,2.414638828874845,97.6897445390596,MedExtAtl,SLP~Z500
0,P95,Clusters_9,MedExtAtl_SLP~Z500,23.63150867823765,13.429888084265965,12.11031175059952,48.99866488651536,10.923677913835048,99.95557201036654,MedExtAtl,SLP~Z500
1,P97,Clusters_9,MedExtAtl_SLP~Z500,25.333333333333336,8.41683366733467,7.609756097560975,48.44444444444444,6.933431234688477,99.78526471677156,MedExtAtl,SLP~Z500
2,P99,Clusters_9,MedExtAtl_SLP~Z500,28.000000000000004,2.9709655638082375,2.697841726618705,46.66666666666667,2.616837882940123,98.6523509811181,MedExtAtl,SLP~Z500
0,P95,Clusters_10,MedExtAtl_SLP~Z500,21.628838451268358,14.04878048780488,12.623413258110014,51.80240320427236,11.065406541462128,99.91854868567196,MedExtAtl,SLP~Z500
1,P97,Clusters_10,MedExtAtl_SLP~Z500,23.11111111111111,8.864696734059098,7.982456140350877,50.888888888888886,7.0732144993420265,99.85931136616068,MedExtAtl,SLP~Z500
2,P99,Clusters_10,MedExtAtl_SLP~Z500,25.333333333333336,3.1488549618320607,2.8374892519346515,48.66666666666667,2.678020047078586,99.2891521658645,MedExtAtl,SLP~Z500
0,P95,Clusters_11,MedExtAtl_SLP~Z500,19.893190921228303,14.357682619647354,12.915129151291513,50.86782376502003,11.21847992722618,99.98519067012218,MedExtAtl,SLP~Z500
1,P97,Clusters_11,MedExtAtl_SLP~Z500,21.333333333333336,9.134615384615383,8.21917808219178,50.888888888888886,7.188815587643161,99.85190670122176,MedExtAtl,SLP~Z500
2,P99,Clusters_11,MedExtAtl_SLP~Z500,24.0,3.2753326509723646,2.968036529680365,47.33333333333333,2.774729794770921,99.20770085153647,MedExtAtl,SLP~Z500
0,P95,Clusters_12,MedExtAtl_SLP~Z500,18.29105473965287,14.702450408401399,13.151364764267989,52.87049399198932,11.386532097702855,99.97038134024436,MedExtAtl,SLP~Z500
1,P97,Clusters_12,MedExtAtl_SLP~Z500,19.555555555555557,9.375,8.395802098950526,52.44444444444445,7.31492166586588,99.91114402073306,MedExtAtl,SLP~Z500
2,P99,Clusters_12,MedExtAtl_SLP~Z500,22.666666666666664,3.434739941118744,3.067484662576687,49.33333333333333,2.8248657251698814,99.33358015549797,MedExtAtl,SLP~Z500
0,P95,Clusters_4,MedExtAtl_T850~Z500,46.061415220293725,9.102121361618156,8.486766398158803,53.938584779706275,8.682782437099162,93.5061088485746,MedExtAtl,T850~Z500
1,P97,Clusters_4,MedExtAtl_T850~Z500,47.11111111111111,5.617628801986344,5.234433143140659,55.111111111111114,5.36190219062849,90.83302480562755,MedExtAtl,T850~Z500
2,P99,Clusters_4,MedExtAtl_T850~Z500,50.0,1.9980266403552045,1.8642117376294594,56.00000000000001,1.9401860626810943,83.08034061458719,MedExtAtl,T850~Z500
0,P95,Clusters_7,MedExtAtl_T850~Z500,29.506008010680908,11.267605633802818,10.286844708209692,57.14285714285714,9.483636379982505,99.45205479452055,MedExtAtl,T850~Z500
1,P97,Clusters_7,MedExtAtl_T850~Z500,30.444444444444446,6.981016533986528,6.379821958456973,56.44444444444444,5.966129677968424,99.14846353202518,MedExtAtl,T850~Z500
2,P99,Clusters_7,MedExtAtl_T850~Z500,32.666666666666664,2.44299674267101,2.227488151658768,54.66666666666667,2.194928163752289,95.97926693817105,MedExtAtl,T850~Z500
0,P95,Clusters_8,MedExtAtl_T850~Z500,27.636849132176234,11.770573566084789,10.71858691288639,54.33911882510013,9.79610905826424,99.91854868567196,MedExtAtl,T850~Z500
1,P97,Clusters_8,MedExtAtl_T850~Z500,28.888888888888886,7.33015494636472,6.69106116048092,54.22222222222222,6.169665809768637,99.80007404664939,MedExtAtl,T850~Z500
2,P99,Clusters_8,MedExtAtl_T850~Z500,31.333333333333336,2.5936599423631126,2.3685266961059814,51.333333333333336,2.312811534929066,98.31914105886709,MedExtAtl,T850~Z500
0,P95,Clusters_9,MedExtAtl_T850~Z500,25.76769025367156,12.46684350132626,11.292517006802722,52.7369826435247,10.09508609450164,99.55572010366531,MedExtAtl,T850~Z500
1,P97,Clusters_9,MedExtAtl_T850~Z500,26.666666666666668,7.736720554272518,7.001321003963012,52.22222222222223,6.376162940410737,99.78526471677156,MedExtAtl,T850~Z500
2,P99,Clusters_9,MedExtAtl_T850~Z500,28.666666666666668,2.7188328912466844,2.476780185758514,48.0,2.396232454436559,97.6231025546094,MedExtAtl,T850~Z500
0,P95,Clusters_10,MedExtAtl_T850~Z500,23.49799732977303,12.907268170426065,11.643835616438356,54.606141522029375,10.27409574553699,99.90373935579416,MedExtAtl,T850~Z500
1,P97,Clusters_10,MedExtAtl_T850~Z500,24.666666666666668,8.035003977724742,7.246376811594203,53.77777777777778,6.499381134495138,99.82969270640504,MedExtAtl,T850~Z500
2,P99,Clusters_10,MedExtAtl_T850~Z500,26.666666666666668,2.882205513784461,2.6166902404526167,48.0,2.475584254669211,98.08219178082192,MedExtAtl,T850~Z500
0,P95,Clusters_11,MedExtAtl_T850~Z500,21.895861148197596,13.513513513513514,12.165898617511521,54.60614152202937,10.711363350070291,100.0,MedExtAtl,T850~Z500
1,P97,Clusters_11,MedExtAtl_T850~Z500,23.333333333333332,8.539094650205762,7.6923076923076925,54.22222222222222,6.814106278648479,99.94816734542762,MedExtAtl,T850~Z500
2,P99,Clusters_11,MedExtAtl_T850~Z500,26.0,3.1230480949406623,2.835921674544227,48.666666666666664,2.652638161087123,99.2225101814143,MedExtAtl,T850~Z500
0,P95,Clusters_12,MedExtAtl_T850~Z500,20.427236315086784,14.0016570008285,12.568306010928962,54.47263017356476,10.91925738414418,99.97038134024436,MedExtAtl,T850~Z500
1,P97,Clusters_12,MedExtAtl_T850~Z500,21.555555555555557,8.916586768935762,7.962529274004685,54.0,6.9758531655099265,99.9333580155498,MedExtAtl,T850~Z500
2,P99,Clusters_12,MedExtAtl_T850~Z500,24.0,3.2370953630796153,2.923538230884558,50.0,2.6895474370374672,99.40762680488709,MedExtAtl,T850~Z500
0,P95,Clusters_4,MedExtAtl_SLP~T850~Z500,40.32042723631509,8.92998678996037,8.293650793650793,49.799732977303066,8.604361682208982,97.31210662717513,MedExtAtl,SLP~T850~Z500
1,P97,Clusters_4,MedExtAtl_SLP~T850~Z500,41.55555555555556,5.49498473615351,5.083497053045186,50.22222222222222,5.307537015917772,96.91965938541281,MedExtAtl,SLP~T850~Z500
2,P99,Clusters_4,MedExtAtl_SLP~T850~Z500,44.666666666666664,1.955085865257596,1.8170019467878002,50.66666666666667,1.893379410092356,86.12365790447983,MedExtAtl,SLP~T850~Z500
0,P95,Clusters_7,MedExtAtl_SLP~T850~Z500,28.83845126835781,10.792131844763423,9.8981077147016,55.94125500667557,9.590507820891748,99.8741206960385,MedExtAtl,SLP~T850~Z500
1,P97,Clusters_7,MedExtAtl_SLP~T850~Z500,30.22222222222222,6.750298685782556,6.206896551724138,55.55555555555556,6.0587742048712,99.57052943354313,MedExtAtl,SLP~T850~Z500
2,P99,Clusters_7,MedExtAtl_SLP~T850~Z500,33.33333333333333,2.408299370137088,2.217973231357553,54.0,2.235185561447379,96.9788967049241,MedExtAtl,SLP~T850~Z500
0,P95,Clusters_8,MedExtAtl_SLP~T850~Z500,28.437917222963954,12.079831932773109,11.045655375552283,54.87316421895861,10.019351000364937,99.95557201036654,MedExtAtl,SLP~T850~Z500
1,P97,Clusters_8,MedExtAtl_SLP~T850~Z500,29.777777777777775,7.563025210084033,6.9219440353460975,55.333333333333336,6.329344137226395,99.89633469085524,MedExtAtl,SLP~T850~Z500
2,P99,Clusters_8,MedExtAtl_SLP~T850~Z500,32.666666666666664,2.7142857142857144,2.490421455938697,53.333333333333336,2.363726690461937,98.43021103295075,MedExtAtl,SLP~T850~Z500
0,P95,Clusters_9,MedExtAtl_SLP~T850~Z500,25.500667556742325,12.678936605316974,11.519607843137255,55.14018691588785,10.402608136429851,99.91854868567196,MedExtAtl,SLP~T850~Z500
1,P97,Clusters_9,MedExtAtl_SLP~T850~Z500,26.666666666666668,7.982012366498033,7.235142118863049,54.22222222222222,6.572576538348422,99.82228804146612,MedExtAtl,SLP~T850~Z500
2,P99,Clusters_9,MedExtAtl_SLP~T850~Z500,29.333333333333332,2.8629856850715747,2.5941939468807904,52.0,2.4539877300613497,98.9707515734913,MedExtAtl,SLP~T850~Z500
0,P95,Clusters_10,MedExtAtl_SLP~T850~Z500,22.563417890520697,13.341346153846153,12.0,53.538050734312414,10.680123133569058,99.97038134024436,MedExtAtl,SLP~T850~Z500
1,P97,Clusters_10,MedExtAtl_SLP~T850~Z500,23.77777777777778,8.383233532934131,7.549295774647888,52.888888888888886,6.753905790409102,99.79266938171048,MedExtAtl,SLP~T850~Z500
2,P99,Clusters_10,MedExtAtl_SLP~T850~Z500,26.666666666666668,3.0048076923076925,2.7315914489311166,50.0,2.5756732953228574,97.82302850796002,MedExtAtl,SLP~T850~Z500
0,P95,Clusters_11,MedExtAtl_SLP~T850~Z500,20.694259012016023,13.651877133105803,12.241224122412241,53.13751668891856,10.830979269033785,99.9407626804887,MedExtAtl,SLP~T850~Z500
1,P97,Clusters_11,MedExtAtl_SLP~T850~Z500,21.777777777777775,8.70307167235495,7.786259541984733,53.11111111111111,6.961740846895616,99.8741206960385,MedExtAtl,SLP~T850~Z500
2,P99,Clusters_11,MedExtAtl_SLP~T850~Z500,24.0,3.2217308907138342,2.8802880288028803,50.0,2.6918805301613737,99.10403554239171,MedExtAtl,SLP~T850~Z500
0,P95,Clusters_12,MedExtAtl_SLP~T850~Z500,18.69158878504673,14.401772525849335,12.837837837837837,53.271028037383175,10.90430391700667,99.97038134024436,MedExtAtl,SLP~T850~Z500
1,P97,Clusters_12,MedExtAtl_SLP~T850~Z500,19.77777777777778,9.124141151357481,8.137254901960784,52.66666666666667,7.0152735671523345,99.91854868567196,MedExtAtl,SLP~T850~Z500
2,P99,Clusters_12,MedExtAtl_SLP~T850~Z500,22.666666666666664,3.3707865168539324,2.999143101970865,48.66666666666667,2.7367625436025995,98.99296556830804,MedExtAtl,SLP~T850~Z500
0,P95,Clusters_4,Med_SLP,37.11615487316422,8.524904214559387,7.9470198675496695,44.85981308411215,8.24235807860262,96.0162902628656,Med,SLP
1,P97,Clusters_4,Med_SLP,38.44444444444444,5.2674672489082965,4.89047376464595,44.888888888888886,5.090261752048065,95.14994446501296,Med,SLP
2,P99,Clusters_4,Med_SLP,42.0,1.883187772925764,1.7575140091696382,46.666666666666664,1.853921554162162,85.02036282858201,Med,SLP
0,P95,Clusters_7,Med_SLP,22.162883845126835,11.117824773413897,10.089186176142698,47.39652870493992,9.495289073112145,97.8822658274713,Med,SLP
1,P97,Clusters_7,Med_SLP,23.555555555555554,6.798245614035088,6.185567010309279,47.55555555555556,5.942485556792283,97.89707515734914,Med,SLP
2,P99,Clusters_7,Med_SLP,26.666666666666668,2.386212991604065,2.165087956698241,48.0,2.1753534404762993,91.95112921140318,Med,SLP
0,P95,Clusters_8,Med_SLP,22.563417890520697,11.731843575418994,10.655737704918032,51.00133511348464,9.835470446488756,99.85931136616068,Med,SLP
1,P97,Clusters_8,Med_SLP,24.0,7.331571994715984,6.682867557715674,49.333333333333336,6.261503059250017,99.76305072195483,Med,SLP
2,P99,Clusters_8,Med_SLP,26.666666666666668,2.642007926023778,2.4043715846994536,45.333333333333336,2.3911743204625506,98.23768974453905,Med,SLP
0,P95,Clusters_9,Med_SLP,20.694259012016023,12.941176470588237,11.690647482014388,49.66622162883846,10.399332712023941,99.85931136616068,Med,SLP
1,P97,Clusters_9,Med_SLP,22.0,8.12928501469148,7.329842931937172,49.333333333333336,6.622597000335958,99.76305072195483,Med,SLP
2,P99,Clusters_9,Med_SLP,24.666666666666668,2.881844380403458,2.6248941574936495,46.0,2.528933515250505,99.11144020733062,Med,SLP
0,P95,Clusters_10,Med_SLP,18.69158878504673,13.54764638346728,12.209302325581394,48.73164218958611,10.731333523431429,99.85931136616068,Med,SLP
1,P97,Clusters_10,Med_SLP,20.0,8.610792192881746,7.739130434782608,47.55555555555556,6.941614600777719,99.72602739726028,Med,SLP
2,P99,Clusters_10,Med_SLP,22.666666666666664,3.0998851894374284,2.823920265780731,44.66666666666667,2.6856763925729443,99.37060348019251,Med,SLP
0,P95,Clusters_11,Med_SLP,17.623497997329775,13.995726495726496,12.56317689530686,49.66622162883845,11.117522036513805,99.72602739726028,Med,SLP
1,P97,Clusters_11,Med_SLP,19.11111111111111,8.905380333951761,8.014440433212997,49.111111111111114,7.169028986131892,99.68900407256571,Med,SLP
2,P99,Clusters_11,Med_SLP,22.0,3.273040482342808,2.917981072555205,46.0,2.7828514539477998,98.60792299148463,Med,SLP
0,P95,Clusters_12,Med_SLP,15.7543391188251,14.147286821705427,12.603495860165593,51.00133511348464,11.149576148820007,99.82969270640504,Med,SLP
1,P97,Clusters_12,Med_SLP,17.11111111111111,8.979947689625108,8.022388059701493,50.44444444444445,7.176444541148461,99.83709737134394,Med,SLP
2,P99,Clusters_12,Med_SLP,20.0,3.3129904097646032,2.990033222591362,47.333333333333336,2.797096174484129,98.7782302850796,Med,SLP
0,P95,Clusters_4,Med_T850,40.32042723631509,8.70996707572583,8.125599232981784,53.271028037383175,8.07565295706995,98.73380229544613,Med,T850
1,P97,Clusters_4,Med_T850,41.11111111111111,5.313719603722606,4.951048951048951,52.666666666666664,4.973949955004732,98.15623843021103,Med,T850
2,P99,Clusters_4,Med_T850,44.666666666666664,1.8613029120384268,1.7342657342657344,48.66666666666667,1.8268564708855015,91.37356534616808,Med,T850
0,P95,Clusters_7,Med_T850,26.969292389853138,10.540688148552704,9.645972293483839,57.409879839786385,9.161792331452611,99.57793409848205,Med,T850
1,P97,Clusters_7,Med_T850,28.000000000000004,6.509326227636087,5.973120955699353,57.33333333333333,5.736274646256309,99.43724546464271,Med,T850
2,P99,Clusters_7,Med_T850,30.666666666666664,2.3118957545187055,2.127659574468085,52.66666666666667,2.1075691658,96.02369492780451,Med,T850
0,P95,Clusters_8,Med_T850,24.699599465954606,10.92964824120603,9.954493742889648,56.34178905206943,9.288340185894164,99.57052943354313,Med,T850
1,P97,Clusters_8,Med_T850,25.77777777777778,6.78391959798995,6.2002275312855515,55.77777777777777,5.794163415829976,99.40762680488709,Med,T850
2,P99,Clusters_8,Med_T850,27.333333333333332,2.39766081871345,2.197802197802198,50.666666666666664,2.159122504368047,96.83820807108478,Med,T850
0,P95,Clusters_9,Med_T850,22.429906542056074,11.612284069097889,10.568561872909699,54.606141522029375,9.57770596659204,99.89633469085524,Med,T850
1,P97,Clusters_9,Med_T850,23.333333333333332,7.207207207207207,6.5551839464882935,54.44444444444444,6.010151239881191,99.74083672713809,Med,T850
2,P99,Clusters_9,Med_T850,25.333333333333336,2.52904989747095,2.2912047302291203,49.33333333333333,2.249534908621916,98.03776379118845,Med,T850
0,P95,Clusters_10,Med_T850,21.628838451268358,12.210694333599362,11.087975013014056,54.339118825100144,9.975235407203526,99.91114402073306,Med,T850
1,P97,Clusters_10,Med_T850,22.666666666666664,7.636655948553055,6.905710491367861,54.0,6.31963647934514,99.72602739726028,Med,T850
2,P99,Clusters_10,Med_T850,24.666666666666668,2.7605244996549345,2.516175413371675,48.66666666666667,2.3837713149884405,97.6305072195483,Med,T850
0,P95,Clusters_11,Med_T850,20.427236315086784,12.587412587412588,11.365040148239654,53.13751668891855,10.246959719384781,99.91854868567196,Med,T850
1,P97,Clusters_11,Med_T850,21.333333333333336,7.903780068728522,7.159904534606206,52.888888888888886,6.5371024734982335,99.77786005183266,Med,T850
2,P99,Clusters_11,Med_T850,23.333333333333332,2.839396628216504,2.574102964118565,47.333333333333336,2.4584565454260545,99.00037023324695,Med,T850
0,P95,Clusters_12,Med_T850,18.69158878504673,12.777777777777777,11.501120238984317,53.13751668891856,10.233079195086752,99.95557201036654,Med,T850
1,P97,Clusters_12,Med_T850,19.77777777777778,8.049242424242424,7.247340425531915,52.222222222222214,6.522177103727194,99.94816734542762,Med,T850
2,P99,Clusters_12,Med_T850,22.0,2.9097387173396676,2.6338147833474936,47.33333333333333,2.51268244740681,98.94113291373566,Med,T850
0,P95,Clusters_4,Med_Z500,43.39118825100133,8.81283422459893,8.224411823848783,55.67423230974633,8.437241574890425,96.24583487597185,Med,Z500
1,P97,Clusters_4,Med_Z500,44.666666666666664,5.449712007089056,5.087472350693746,55.77777777777778,5.240641711229946,95.50536838208072,Med,Z500
2,P99,Clusters_4,Med_Z500,46.666666666666664,1.9273371732388127,1.8085698386199223,56.666666666666664,1.8823529411764703,88.4931506849315,Med,Z500
0,P95,Clusters_7,Med_Z500,30.440587449933243,12.342079689018465,11.272321428571429,54.205607476635514,10.363771092771962,98.92632358385784,Med,Z500
1,P97,Clusters_7,Med_Z500,31.77777777777778,7.612031921424187,6.947608200455581,54.66666666666666,6.412175994800101,99.35579415031471,Med,Z500
2,P99,Clusters_7,Med_Z500,34.0,2.6396562308164517,2.3995535714285716,51.333333333333336,2.3255813953488373,95.90522028878193,Med,Z500
0,P95,Clusters_8,Med_Z500,28.304405874499334,12.906666666666666,11.707035755478662,54.205607476635514,10.494006360609557,99.40762680488709,Med,Z500
1,P97,Clusters_8,Med_Z500,29.555555555555557,7.939632545931759,7.208765859284891,54.666666666666664,6.582128832569938,99.36319881525361,Med,Z500
2,P99,Clusters_8,Med_Z500,32.0,2.7559055118110236,2.4955436720142603,52.66666666666667,2.3865722151310003,98.62273232136246,Med,Z500
0,P95,Clusters_9,Med_Z500,25.76769025367156,13.223140495867769,11.994784876140809,56.60881174899866,10.632164939538338,99.28174750092559,Med,Z500
1,P97,Clusters_9,Med_Z500,26.88888888888889,8.24598183088749,7.470182046453234,54.44444444444444,6.7076126752480105,99.54091077378749,Med,Z500
2,P99,Clusters_9,Med_Z500,29.333333333333332,2.886002886002886,2.6136957658128592,52.0,2.506752846807991,97.97112180673825,Med,Z500
0,P95,Clusters_10,Med_Z500,23.364485981308412,13.708019191226867,12.378303198887343,56.60881174899866,10.757896846674798,99.97778600518326,Med,Z500
1,P97,Clusters_10,Med_Z500,24.666666666666668,8.531898539584935,7.719054242002782,56.0,6.788020380094276,99.91114402073306,Med,Z500
2,P99,Clusters_10,Med_Z500,27.333333333333332,2.997694081475788,2.7049180327868854,51.33333333333333,2.5374316221009847,99.10403554239171,Med,Z500
0,P95,Clusters_11,Med_Z500,22.563417890520697,14.636363636363637,13.142857142857142,57.27636849132176,11.256347159119303,100.0,Med,Z500
1,P97,Clusters_11,Med_Z500,23.555555555555554,9.28652321630804,8.34658187599364,56.666666666666664,7.188806475599735,99.97038134024436,Med,Z500
2,P99,Clusters_11,Med_Z500,26.0,3.3628318584070795,3.0204081632653064,52.0,2.7519769508980567,99.37060348019251,Med,Z500
0,P95,Clusters_12,Med_Z500,20.5607476635514,15.597920277296359,13.95582329317269,57.00934579439252,11.61362254234506,99.97778600518326,Med,Z500
1,P97,Clusters_12,Med_Z500,22.0,9.865005192107997,8.825847123719464,56.888888888888886,7.451407450018059,100.0,Med,Z500
2,P99,Clusters_12,Med_Z500,24.666666666666668,3.5306334371754935,3.1479732050841633,52.66666666666667,2.8766572414343714,99.90373935579416,Med,Z500
0,P95,Clusters_4,Med_SLP~T850,39.65287049399199,8.965076660988075,8.307545822423233,51.66889185580774,8.608762490392007,96.56423546834506,Med,SLP~T850
1,P97,Clusters_4,Med_SLP~T850,40.666666666666664,5.457340507302075,5.07022137586289,51.55555555555556,5.277823974901478,95.97926693817105,Med,SLP~T850
2,P99,Clusters_4,Med_SLP~T850,43.333333333333336,1.8959774532410965,1.7614853606284218,50.66666666666667,1.8530895560115077,88.66345797852647,Med,SLP~T850
0,P95,Clusters_7,Med_SLP~T850,27.50333778371162,11.300270601359536,10.346168805912097,56.8758344459279,9.776737980979506,99.44465012958163,Med,SLP~T850
1,P97,Clusters_7,Med_SLP~T850,29.11111111111111,6.986301369863014,6.388526727509778,56.666666666666664,6.109345539394108,99.02258422806368,Med,SLP~T850
2,P99,Clusters_7,Med_SLP~T850,32.666666666666664,2.4610748367654445,2.2559315441462466,54.0,2.2453763730182255,95.52017771195852,Med,SLP~T850
0,P95,Clusters_8,Med_SLP~T850,24.432576769025367,12.012480499219969,10.936682365253795,54.73965287049399,9.978000870029748,99.82228804146612,Med,SLP~T850
1,P97,Clusters_8,Med_SLP~T850,25.77777777777778,7.438955139125497,6.79304897314376,54.666666666666664,6.314102841896001,99.53350610884858,Med,SLP~T850
2,P99,Clusters_8,Med_SLP~T850,29.333333333333332,2.612152186257808,2.4071166928309786,53.333333333333336,2.3517362719483668,96.77156608663458,Med,SLP~T850
0,P95,Clusters_9,Med_SLP~T850,23.76502002670227,12.24944320712695,11.14555118664525,55.80774365821095,10.360508624560346,99.97778600518326,Med,SLP~T850
1,P97,Clusters_9,Med_SLP~T850,25.11111111111111,7.683741648106904,6.9781194559432285,55.111111111111114,6.510269963113369,99.85190670122176,Med,SLP~T850
2,P99,Clusters_9,Med_SLP~T850,27.333333333333332,2.7502750275027505,2.527075812274368,51.333333333333336,2.413378615267252,98.57089966679008,Med,SLP~T850
0,P95,Clusters_10,Med_SLP~T850,21.36181575433912,13.421342134213422,12.135176651305683,55.941255006675576,10.624663720638951,100.0,Med,SLP~T850
1,P97,Clusters_10,Med_SLP~T850,22.88888888888889,8.47084708470847,7.670654468684026,56.0,6.783950861832689,99.99259533506108,Med,SLP~T850
2,P99,Clusters_10,Med_SLP~T850,25.333333333333336,3.076923076923077,2.7682806362091896,54.0,2.5659460523983766,99.25212884116993,Med,SLP~T850
0,P95,Clusters_11,Med_SLP~T850,20.427236315086784,13.550135501355012,12.190812720848058,54.47263017356475,10.690944548878017,100.0,Med,SLP~T850
1,P97,Clusters_11,Med_SLP~T850,21.777777777777775,8.557692307692308,7.714958775029446,54.22222222222222,6.8803686858198585,99.96297667530544,Med,SLP~T850
2,P99,Clusters_11,Med_SLP~T850,24.666666666666668,3.1370038412291934,2.8472821397756687,51.333333333333336,2.6578673499687406,99.13365420214734,Med,SLP~T850
0,P95,Clusters_12,Med_SLP~T850,19.492656875834445,14.696485623003195,13.231064237775648,55.00667556742323,11.291409034386872,99.99259533506108,Med,SLP~T850
1,P97,Clusters_12,Med_SLP~T850,20.88888888888889,9.358081979891725,8.437200383509108,55.111111111111114,7.297148386782414,100.0,Med,SLP~T850
2,P99,Clusters_12,Med_SLP~T850,24.0,3.4799737360472753,3.1166518254674975,52.666666666666664,2.8552957411867625,99.61495742317659,Med,SLP~T850
0,P95,Clusters_4,Med_SLP~Z500,39.91989319092123,9.057639524245197,8.434959349593496,51.00133511348464,8.637788726768719,96.63828211773418,Med,SLP~Z500
1,P97,Clusters_4,Med_SLP~Z500,40.88888888888889,5.535224153705398,5.162364696086595,51.55555555555556,5.313141878177202,96.29026286560534,Med,SLP~Z500
2,P99,Clusters_4,Med_SLP~Z500,43.333333333333336,1.9246688741721856,1.7901748542880933,51.33333333333333,1.8755718206770355,89.40392447241763,Med,SLP~Z500
0,P95,Clusters_7,Med_SLP~Z500,28.57142857142857,12.44196843082637,11.37855579868709,55.14018691588785,10.492252920296192,99.37800814513143,Med,SLP~Z500
1,P97,Clusters_7,Med_SLP~Z500,30.444444444444446,7.7994428969359335,7.154340836012862,55.55555555555556,6.654757265191334,99.35579415031471,Med,SLP~Z500
2,P99,Clusters_7,Med_SLP~Z500,34.0,2.785515320334262,2.564102564102564,54.0,2.4940856760656844,98.63754165124028,Med,SLP~Z500
0,P95,Clusters_8,Med_SLP~Z500,25.367156208277702,13.60544217687075,12.364425162689804,54.0720961281709,11.091113225173338,99.27434283598667,Med,SLP~Z500
1,P97,Clusters_8,Med_SLP~Z500,27.333333333333332,8.515671200473093,7.743547044129892,54.0,7.035275578591635,99.51129211403183,Med,SLP~Z500
2,P99,Clusters_8,Med_SLP~Z500,30.0,3.0159668835008873,2.7477102414654455,52.0,2.6077097505668934,98.44502036282859,Med,SLP~Z500
0,P95,Clusters_9,Med_SLP~Z500,25.500667556742325,14.864864864864865,13.478260869565217,54.47263017356475,11.751672321394148,100.0,Med,SLP~Z500
1,P97,Clusters_9,Med_SLP~Z500,27.333333333333332,9.457092819614711,8.574549426542873,54.66666666666667,7.505310555561431,99.97778600518326,Med,SLP~Z500
2,P99,Clusters_9,Med_SLP~Z500,30.0,3.4482758620689653,3.143418467583497,52.0,2.9324101151873405,99.61495742317659,Med,SLP~Z500
0,P95,Clusters_10,Med_SLP~Z500,22.162883845126835,14.97536945812808,13.488933954233637,56.37945067576734,11.52705700248222,99.99259533506108,Med,SLP~Z500
1,P97,Clusters_10,Med_SLP~Z500,23.88888888888889,9.482001755926252,8.55397148676171,56.66666666666667,7.375624002667297,99.88893002591632,Med,SLP~Z500
2,P99,Clusters_10,Med_SLP~Z500,27.333333333333332,3.4682080924855487,3.131991051454139,54.0,2.865615829954213,99.30396149574233,Med,SLP~Z500
0,P95,Clusters_11,Med_SLP~Z500,20.29372496662216,15.43274244004171,13.882532418001524,55.80774365821095,11.88608235839611,100.0,Med,SLP~Z500
1,P97,Clusters_11,Med_SLP~Z500,22.22222222222222,9.801876955161628,8.831908831908832,56.0,7.648949056474677,99.99259533506108,Med,SLP~Z500
2,P99,Clusters_11,Med_SLP~Z500,25.333333333333336,3.5453597497393115,3.203661327231121,53.33333333333334,2.9260041063835422,99.62976675305443,Med,SLP~Z500
0,P95,Clusters_12,Med_SLP~Z500,19.492656875834445,15.562565720294428,13.951219512195124,55.67423230974633,11.991040459473874,100.0,Med,SLP~Z500
1,P97,Clusters_12,Med_SLP~Z500,21.11111111111111,9.884332281808621,8.88888888888889,55.55555555555556,7.735970514723337,100.0,Med,SLP~Z500
2,P99,Clusters_12,Med_SLP~Z500,24.0,3.680336487907466,3.3143939393939394,52.66666666666667,2.9955947136563874,99.6815994076268,Med,SLP~Z500
0,P95,Clusters_4,Med_T850~Z500,45.794392523364486,8.989021043000916,8.373934226552985,53.80507343124166,8.554437328453798,95.06108848574601,Med,T850~Z500
1,P97,Clusters_4,Med_T850~Z500,46.666666666666664,5.539070227497527,5.1650235747963995,54.44444444444444,5.27475415615186,93.89855609033691,Med,T850~Z500
2,P99,Clusters_4,Med_T850~Z500,48.66666666666667,1.96234420578096,1.8270401948842874,54.666666666666664,1.898444647758463,85.93113661606813,Med,T850~Z500
0,P95,Clusters_7,Med_T850~Z500,29.906542056074763,11.580680570801318,10.57978194694181,58.077436582109485,9.647193274268192,99.34098482043687,Med,T850~Z500
1,P97,Clusters_7,Med_T850~Z500,30.88888888888889,7.189901207464325,6.557377049180328,58.222222222222214,6.044106498297069,98.99296556830804,Med,T850~Z500
2,P99,Clusters_7,Med_T850~Z500,33.33333333333333,2.5093632958801497,2.2988505747126435,56.0,2.224871779043959,95.91262495372085,Med,T850~Z500
0,P95,Clusters_8,Med_T850~Z500,28.57142857142857,11.92200557103064,10.887316276537835,55.80774365821095,9.999164493172119,99.63717141799333,Med,T850~Z500
1,P97,Clusters_8,Med_T850~Z500,30.0,7.465181058495822,6.804572672836145,56.0,6.3188766615485905,99.40762680488709,Med,T850~Z500
2,P99,Clusters_8,Med_T850~Z500,32.666666666666664,2.658396101019052,2.437009500206526,54.0,2.3544668587896256,97.31951129211403,Med,T850~Z500
0,P95,Clusters_9,Med_T850~Z500,25.500667556742325,12.672357189757058,11.502659574468085,57.00934579439253,10.205187487475937,99.50388744909293,Med,T850~Z500
1,P97,Clusters_9,Med_T850~Z500,26.666666666666668,7.884465261514443,7.180851063829788,56.0,6.441731935110399,99.17808219178083,Med,T850~Z500
2,P99,Clusters_9,Med_T850~Z500,30.0,2.7900146842878124,2.5265957446808507,53.33333333333333,2.411173808756598,96.31247686042207,Med,T850~Z500
0,P95,Clusters_10,Med_T850~Z500,24.03204272363151,13.027387120651369,11.779448621553884,57.94392523364486,10.363075647107634,99.98519067012218,Med,T850~Z500
1,P97,Clusters_10,Med_T850~Z500,25.11111111111111,8.142116950407106,7.3669849931787175,56.66666666666667,6.564539587457396,99.8741206960385,Med,T850~Z500
2,P99,Clusters_10,Med_T850~Z500,28.000000000000004,2.8944911297852474,2.6200873362445414,52.66666666666667,2.484868948541777,98.20066641984451,Med,T850~Z500
0,P95,Clusters_11,Med_T850~Z500,22.296395193591458,13.427299703264095,12.080536912751679,57.27636849132176,10.520380150151718,100.0,Med,T850~Z500
1,P97,Clusters_11,Med_T850~Z500,23.333333333333332,8.403361344537815,7.58150113722517,56.44444444444444,6.627017397135765,99.90373935579416,Med,T850~Z500
2,P99,Clusters_11,Med_T850~Z500,25.333333333333336,3.0153508771929824,2.723915050784857,52.0,2.529305752418655,98.07478711588301,Med,T850~Z500
0,P95,Clusters_12,Med_T850~Z500,20.29372496662216,14.620535714285715,13.093145869947275,56.341789052069416,11.109204757375087,100.0,Med,T850~Z500
1,P97,Clusters_12,Med_T850~Z500,21.11111111111111,9.25925925925926,8.260105448154658,56.666666666666664,7.071523121677887,100.0,Med,T850~Z500
2,P99,Clusters_12,Med_T850~Z500,23.333333333333332,3.298611111111111,2.9548989113530326,52.666666666666664,2.694297066333389,99.79266938171048,Med,T850~Z500
0,P95,Clusters_4,Med_SLP~T850~Z500,42.18958611481976,9.127195316657795,8.48379377855123,54.47263017356475,8.693641618497109,97.20844131803035,Med,SLP~T850~Z500
1,P97,Clusters_4,Med_SLP~T850~Z500,43.55555555555555,5.5880787653006925,5.199042854035241,54.666666666666664,5.340428838566394,97.25286930766383,Med,SLP~T850~Z500
2,P99,Clusters_4,Med_SLP~T850~Z500,46.0,1.9514310494362535,1.8174634531805611,55.333333333333336,1.8893028206492815,90.31469825990374,Med,SLP~T850~Z500
0,P95,Clusters_7,Med_SLP~T850~Z500,29.906542056074763,12.207357859531772,11.146624051138634,54.606141522029375,10.166851492227337,99.5483154387264,Med,SLP~T850~Z500
1,P97,Clusters_7,Med_SLP~T850~Z500,31.11111111111111,7.56989247311828,6.925945657964839,54.44444444444445,6.326512247902661,99.72602739726028,Med,SLP~T850~Z500
2,P99,Clusters_7,Med_SLP~T850~Z500,34.66666666666667,2.643171806167401,2.3971234518577704,50.66666666666667,2.341478680372211,96.48278415401703,Med,SLP~T850~Z500
0,P95,Clusters_8,Med_SLP~T850~Z500,28.037383177570092,12.37864077669903,11.283783783783784,56.34178905206943,10.318987729193939,99.84450203628286,Med,SLP~T850~Z500
1,P97,Clusters_8,Med_SLP~T850~Z500,29.11111111111111,7.697947214076247,7.029053420805999,56.44444444444444,6.458257620392529,99.89633469085524,Med,SLP~T850~Z500
2,P99,Clusters_8,Med_SLP~T850~Z500,31.333333333333336,2.7226318774815654,2.48868778280543,54.0,2.404138345854564,98.3931877082562,Med,SLP~T850~Z500
0,P95,Clusters_9,Med_SLP~T850~Z500,25.100133511348467,13.12026913372582,11.906230721776682,54.205607476635514,10.687965368852003,99.90373935579416,Med,SLP~T850~Z500
1,P97,Clusters_9,Med_SLP~T850~Z500,26.666666666666668,8.242220353238014,7.482993197278912,54.0,6.720418246002528,99.79266938171048,Med,SLP~T850~Z500
2,P99,Clusters_9,Med_SLP~T850~Z500,29.333333333333332,2.9461756373937678,2.7013989387361312,52.0,2.5351159148335216,98.4524250277675,Med,SLP~T850~Z500
0,P95,Clusters_10,Med_SLP~T850~Z500,22.696929238985312,14.363778298204528,12.897366030881017,56.07476635514019,11.150362191877559,99.90373935579416,Med,SLP~T850~Z500
1,P97,Clusters_10,Med_SLP~T850~Z500,24.0,8.97736143637783,8.064516129032258,55.77777777777778,7.105790093989447,99.92595335061088,Med,SLP~T850~Z500
2,P99,Clusters_10,Med_SLP~T850~Z500,26.666666666666668,3.1707317073170733,2.8691392582225332,52.0,2.6663743547866887,98.72639763050722,Med,SLP~T850~Z500
0,P95,Clusters_11,Med_SLP~T850~Z500,21.762349799732977,14.454775993237531,12.993920972644377,56.074766355140184,11.107720477214858,100.0,Med,SLP~T850~Z500
1,P97,Clusters_11,Med_SLP~T850~Z500,22.88888888888889,9.117361784675072,8.184855233853007,56.0,7.125916483886827,99.97778600518326,Med,SLP~T850~Z500
2,P99,Clusters_11,Med_SLP~T850~Z500,25.333333333333336,3.2852564102564106,2.9300567107750473,52.0,2.717798308724157,99.55572010366531,Med,SLP~T850~Z500
0,P95,Clusters_12,Med_SLP~T850~Z500,20.427236315086784,15.1487826871055,13.548387096774196,54.87316421895861,11.528663446558896,100.0,Med,SLP~T850~Z500
1,P97,Clusters_12,Med_SLP~T850~Z500,21.555555555555557,9.648331830477908,8.5995085995086,54.888888888888886,7.428709303337843,100.0,Med,SLP~T850~Z500
2,P99,Clusters_12,Med_SLP~T850~Z500,24.0,3.5227272727272725,3.1794095382286147,52.66666666666667,2.8628337791164964,99.85931136616068,Med,SLP~T850~Z500
